|3322|pseudo-sld|custom|
|aaa|brand|American Automobile Association, Inc.|
|aaa|brand|American Automobile Association|
|aarp|brand|AARP|
|abarth|brand|Not assigned|
|abarth|brand|Stellantis (Abarth)|
|abbott|brand|Abbott Laboratories, Inc.|
|abbott|brand|Abbott Laboratories|
|abbvie|brand|AbbVie Inc.|
|abbvie|brand|AbbVie|
|abb|brand|ABB Ltd|
|abb|brand|ABB|
|abc|brand|American Broadcasting Company[83]|
|abc|brand|Disney Enterprises, Inc.|
|able|generic|Able Inc.|
|abogado|generic|Registry Services, LLC|
|abudhabi|generic|Abu Dhabi Systems and Information Centre|
|academy|generic|Binky Moon, LLC|
|accenture|brand|Accenture plc|
|accenture|brand|Accenture|
|accountants|generic|Binky Moon, LLC|
|accountant|generic|dot Accountant Limited|
|aco|brand|ACO Ahlmann SE & Co. KG|
|aco|brand|ACO Severin Ahlmann GmbH & Co. KG|
|active|generic|Not assigned|
|actor|generic|Dog Beach, LLC|
|ac|country-code|Internet Computer Bureau Limited|
|ac|pseudo-sld|custom|
|adac|generic|Not assigned|
|ads|generic|Charleston Road Registry Inc.|
|adult|generic|ICM Registry AD LLC|
|ad|country-code|Andorra Telecom|
|aeg|brand|Aktiebolaget Electrolux|
|aeg|brand|Aktiebolaget Electrolux|
|aero|sponsored|Societe Internationale de Telecommunications Aeronautique (SITA INC USA)|
|aetna|brand|Aetna Life Insurance Company|
|aetna|brand|Aetna|
|ae|country-code|Telecommunications and Digital Government Regulatory Authority (TDRA)|
|afamilycompany|generic|Not assigned|
|afl|brand|Australian Football League|
|africa|generic|ZA Central Registry NPC trading as Registry.Africa|
|af|country-code|Ministry of Communications and IT|
|agakhan|brand|Aga Khan Foundation|
|agakhan|brand|Fondation Aga Khan (Aga Khan Foundation)|
|agency|generic|Binky Moon, LLC|
|agilent|brand|Agilent|
|ag|country-code|UHSA School of Medicine|
|aigo|brand|Aigo|
|aigo|brand|Not assigned|
|aig|brand|American International Group, Inc.|
|aig|brand|American International Group|
|airbus|brand|Airbus S.A.S.|
|airbus|brand|Airbus|
|airforce|generic|Dog Beach, LLC|
|airtel|brand|Bharti Airtel Limited|
|airtel|brand|Bharti Airtel|
|ai|country-code|Government of Anguilla|
|akdn|brand|Aga Khan Foundation|
|akdn|brand|Fondation Aga Khan (Aga Khan Foundation)|
|alfaromeo|brand|Not assigned|
|alfaromeo|brand|Stellantis (Alfa Romeo)|
|alibaba|brand|Alibaba Group Holding Limited|
|alibaba|brand|Alibaba Group|
|alipay|brand|Alibaba Group Holding Limited|
|alipay|brand|Alibaba Group|
|allfinanz|brand|Allfinanz Deutsche Vermögensberatung Aktiengesellschaft|
|allstate|brand|Allstate Fire and Casualty Insurance Company|
|allstate|brand|Allstate|
|ally|brand|Ally Financial Inc.|
|ally|brand|Ally Financial|
|alsace|generic|REGION GRAND EST|
|alstom|brand|ALSTOM|
|alstom|brand|Alstom|
|al|country-code|Electronic and Postal Communications Authority - AKEP|
|amazonaws|pseudo-sld|custom|
|amazon|brand|Amazon Registry Services, Inc.|
|amazon|brand|Amazon|
|americanexpress|brand|American Express Travel Related Services Company, Inc.|
|americanexpress|brand|American Express|
|americanfamily|generic|AmFam, Inc.|
|amex|brand|American Express Travel Related Services Company, Inc.|
|amex|brand|American Express|
|amfam|generic|AmFam, Inc.|
|amica|brand|Amica Mutual Insurance Company|
|amica|brand|Amica Mutual Insurance|
|amsterdam|generic|Gemeente Amsterdam|
|am|country-code|"Internet Society" Non-governmental Organization|
|analytics|generic|Campus IP LLC|
|android|brand|Charleston Road Registry Inc.|
|android|brand|Google (Android)|
|anquan|generic|Beijing Qihu Keji Co., Ltd.|
|anz|brand|Australia & New Zealand Banking Group|
|anz|brand|Australia and New Zealand Banking Group Limited|
|an|country-code|Not assigned|
|aol|brand|AOL Media LLC|
|aol|brand|AOL|
|ao|country-code|Ministry of Telecommunications and Information Technologies (MTTI)|
|apartments|generic|Binky Moon, LLC|
|apple|brand|Apple Inc.|
|apple|brand|Apple|
|app|generic|Charleston Road Registry Inc.|
|aquarelle|brand|Aquarelle.com Group|
|aquarelle|brand|Aquarelle.com|
|aq|country-code|Antarctica Network Information Centre Limited|
|arab|generic|League of Arab States|
|aramco|brand|Aramco Services Company|
|aramco|brand|Aramco|
|archi|generic|Identity Digital Limited|
|army|generic|Dog Beach, LLC|
|arpa|infrastructure|Internet Architecture Board (IAB)|
|arte|brand|Arte|
|arte|brand|Association Relative à la Télévision Européenne G.E.I.E.|
|art|generic|UK Creative Ideas Limited|
|ar|country-code|Presidencia de la Nación , Secretaría Legal y Técnica|
|asda|generic|Asda Stores Limited|
|asia|sponsored|DotAsia Organisation Ltd.|
|asn|pseudo-sld|custom|
|associates|generic|Binky Moon, LLC|
|asso|pseudo-sld|custom|
|as|country-code|AS Domain Registry|
|athleta|generic|The Gap, Inc.|
|attorney|generic|Dog Beach, LLC|
|at|country-code|nic.at GmbH|
|auction|generic|Dog Beach, LLC|
|audible|brand|Amazon Registry Services, Inc.|
|audible|brand|Audible (Amazon Registry Services, Inc.)|
|audio|generic|XYZ.COM LLC|
|audi|brand|AUDI Aktiengesellschaft|
|audi|brand|Audi|
|auspost|brand|Australia Post|
|auspost|brand|Australian Postal Corporation|
|author|generic|Amazon Registry Services, Inc.|
|autos|generic|XYZ.COM LLC|
|auto|generic|XYZ.COM LLC|
|au|country-code|au Domain Administration (auDA)|
|avianca|generic|Not assigned|
|aws|brand|AWS Registry LLC|
|aws|brand|Amazon Web Services|
|aw|country-code|SETAR|
|axa|brand|AXA Group Operations SAS|
|axa|brand|Axa|
|ax|country-code|Ålands landskapsregering|
|azure|brand|Microsoft Corporation|
|azure|brand|Microsoft (Azure)|
|az|country-code|IntraNS|
|baby|generic|XYZ.COM LLC|
|baidu|brand|Baidu, Inc.|
|baidu|brand|Baidu|
|banamex|generic|Citigroup Inc.|
|bananarepublic|brand|Gap (Banana Republic)|
|bananarepublic|brand|Not assigned|
|band|generic|Dog Beach, LLC|
|bank|generic|fTLD Registry Services, LLC|
|barcelona|generic|Municipi de Barcelona|
|barclaycard|brand|Barclays Bank PLC|
|barclaycard|brand|Barclays|
|barclays|brand|Barclays Bank PLC|
|barclays|brand|Barclays|
|barefoot|generic|Gallo Vineyards, Inc.|
|bargains|generic|Binky Moon, LLC|
|bar|generic|Punto 2012 Sociedad Anonima Promotora de Inversion de Capital Variable|
|baseball|generic|MLB Advanced Media DH, LLC|
|basketball|brand|FIBA|
|basketball|brand|Fédération Internationale de Basketball (FIBA)|
|bauhaus|brand|Werkhaus GmbH|
|bayern|generic|Bayern Connect GmbH|
|ba|country-code|University Tele-Informatic Center (UTIC)|
|bbc|brand|BBC|
|bbc|brand|British Broadcasting Corporation|
|bbt|brand|BB&T Corporation|
|bbt|brand|BB&T|
|bbva|brand|BANCO BILBAO VIZCAYA ARGENTARIA, S.A.|
|bbva|brand|Banco Bilbao Vizcaya Argentaria|
|bb|country-code|Ministry of Innovation, Science and Smart Technology|
|bcg|brand|Boston Consulting Group|
|bcg|brand|The Boston Consulting Group, Inc.|
|bcn|generic|Municipi de Barcelona|
|bd|country-code|Posts and Telecommunications Division|
|beats|generic|Beats Electronics, LLC|
|beauty|generic|XYZ.COM LLC|
|beer|generic|Registry Services, LLC|
|bentley|brand|Bentley|
|bentley|brand|Not assigned|
|berlin|generic|dotBERLIN GmbH & Co. KG|
|bestbuy|brand|BBY Solutions, Inc.|
|bestbuy|brand|Best Buy (BBY Solutions, Inc.)|
|best|generic|BestTLD Pty Ltd|
|bet|generic|Identity Digital Limited|
|be|country-code|DNS Belgium vzw/asbl|
|bf|country-code|Autorité de Régulation des Communications Electroniques et des Postes (ARCEP)|
|bg|country-code|Register.BG|
|bharti|brand|Bharti Enterprises (Holding) Private Limited|
|bharti|brand|Bharti Enterprises|
|bh|country-code|Telecommunications Regulatory Authority (TRA)|
|bible|generic|American Bible Society|
|bid|generic|dot Bid Limited|
|bike|generic|Binky Moon, LLC|
|bingo|generic|Binky Moon, LLC|
|bing|brand|Microsoft Corporation|
|bing|brand|Microsoft (Bing)|
|bio|generic|Identity Digital Limited|
|biz|generic-restricted|Registry Services, LLC|
|biz|pseudo-sld|custom|
|bi|country-code|Centre National de l'Informatique|
|bj|country-code|Autorité de Régulation des Communications Electroniques et de la Poste du Bénin (ARCEP BENIN)|
|blackfriday|generic|Registry Services, LLC|
|black|generic|Identity Digital Limited|
|blanco|brand|BLANCO GmbH + Co KG|
|blanco|brand|Not assigned|
|blockbuster|generic|Dish DBS Corporation|
|blog|generic|Knock Knock WHOIS There, LLC|
|bloomberg|brand|Bloomberg IP Holdings LLC|
|bloomberg|brand|Bloomberg|
|blue|generic|Identity Digital Limited|
|bl|country-code|Not assigned|
|bms|brand|Bristol Myers Squibb|
|bms|brand|Bristol-Myers Squibb Company|
|bmw|brand|BMW|
|bmw|brand|Bayerische Motoren Werke Aktiengesellschaft|
|bm|country-code|Registry General Department, Ministry of Home Affairs|
|bnl|brand|Banca Nazionale del Lavoro|
|bnl|brand|Not assigned|
|bnpparibas|brand|BNP Paribas|
|bn|country-code|Authority for Info-communications Technology Industry of Brunei Darussalam (AITI)|
|boats|generic|XYZ.COM LLC|
|boehringer|brand|Boehringer Ingelheim International GmbH|
|boehringer|brand|Boehringer Ingelheim|
|bofa|generic|Bank of America Corporation|
|bom|generic|Núcleo de Informação e Coordenação do Ponto BR - NIC.br|
|bond|brand|Bond University[11]|
|bond|brand|Shortdot SA|
|booking|brand|Booking.com B.V.|
|booking|brand|Booking.com|
|book|generic|Amazon Registry Services, Inc.|
|boots|generic|Not assigned|
|boo|generic|Charleston Road Registry Inc.|
|bosch|brand|Robert Bosch GMBH|
|bosch|brand|Robert Bosch GmbH|
|bostik|brand|Bostik SA|
|bostik|brand|Bostik|
|boston|generic|Registry Services, LLC|
|bot|generic|Amazon Registry Services, Inc.|
|boutique|generic|Binky Moon, LLC|
|box|generic|Intercap Registry Inc.|
|bo|country-code|Agencia para el Desarrollo de la Información de la Sociedad en Bolivia|
|bq|country-code|Not assigned|
|bradesco|brand|Banco Bradesco S.A.|
|bradesco|brand|Bradesco|
|brave|brand|Brave Software|
|bridgestone|brand|Bridgestone Corporation|
|bridgestone|brand|Bridgestone|
|broadway|generic|Celebrate Broadway, Inc.|
|broker|generic|Dog Beach, LLC|
|brother|brand|Brother Industries, Ltd.|
|brother|brand|Brother Industries|
|brussels|generic|DNS.be vzw|
|br|country-code|Comite Gestor da Internet no Brasil|
|bs|country-code|University of The Bahamas|
|bt|country-code|Ministry of Information and Communications|
|budapest|generic|Not assigned|
|bugatti|brand|Bugatti|
|bugatti|brand|Not assigned|
|builders|generic|Binky Moon, LLC|
|build|generic|Plan Bee LLC|
|business|generic|Binky Moon, LLC|
|buy|generic|Amazon Registry Services, INC|
|buzz|generic|DOTSTRATEGY CO.|
|bv|country-code|Norid A/S|
|bw|country-code|Botswana Communications Regulatory Authority (BOCRA)|
|by|country-code|Belarusian Cloud Technologies LLC|
|bzh|generic|Association www.bzh|
|bz|country-code|University of Belize|
|cab|generic|Binky Moon, LLC|
|cafe|generic|Binky Moon, LLC|
|call|generic|Amazon Registry Services, Inc.|
|calvinklein|brand|PVH gTLD Holdings LLC|
|calvinklein|brand|PVH|
|cal|brand|Charleston Road Registry Inc.|
|cal|brand|Google (Calendar)|
|camera|generic|Binky Moon, LLC|
|camp|generic|Binky Moon, LLC|
|cam|generic|CAM Connecting SarL|
|cancerresearch|generic|Not assigned|
|canon|brand|Canon Inc.|
|canon|brand|Canon|
|capetown|generic|ZA Central Registry NPC trading as ZA Central Registry|
|capitalone|brand|Capital One Financial Corporation|
|capitalone|brand|Capital One|
|capital|generic|Binky Moon, LLC|
|caravan|brand|Caravan International, Inc.|
|caravan|brand|Caravan International|
|cards|generic|Binky Moon, LLC|
|careers|generic|Binky Moon, LLC|
|career|generic|dotCareer LLC|
|care|generic|Binky Moon, LLC|
|cars|generic|XYZ.COM LLC|
|cartier|brand|Not assigned|
|cartier|brand|Richemont DNS|
|car|generic|XYZ.COM LLC|
|casa|generic|Registry Services, LLC|
|caseih|generic|Not assigned|
|case|generic|Digity, LLC|
|cash|generic|Binky Moon, LLC|
|casino|generic|Binky Moon, LLC|
|catering|generic|Binky Moon, LLC|
|catholic|brand|Pontifical Council for Social Communications|
|catholic|brand|Pontificium Consilium de Comunicationibus Socialibus (PCCS) (Pontifical Council for Social Communication)|
|cat|sponsored|Fundacio puntCAT|
|ca|country-code|Canadian Internet Registration Authority (CIRA) Autorité Canadienne pour les enregistrements Internet (ACEI)|
|cba|brand|COMMONWEALTH BANK OF AUSTRALIA|
|cba|brand|Commonwealth Bank|
|cbn|brand|Christian Broadcasting Network|
|cbn|brand|The Christian Broadcasting Network, Inc.|
|cbre|brand|CBRE Group|
|cbre|brand|CBRE, Inc.|
|cbs|brand|CBS|
|cbs|brand|Not assigned|
|cc|country-code|eNIC Cocos (Keeling) Islands Pty. Ltd. d/b/a Island Internet Services|
|cd|country-code|Office Congolais des Postes et Télécommunications - OCPT|
|ceb|generic|Not assigned|
|center|generic|Binky Moon, LLC|
|ceo|generic|XYZ.COM LLC|
|cern|brand|CERN|
|cern|brand|European Organization for Nuclear Research ("CERN")|
|cfa|brand|CFA Institute|
|cfd|generic|Shortdot SA|
|cf|country-code|Societe Centrafricaine de Telecommunications (SOCATEL)|
|cg|country-code|Interpoint Switzerland|
|chanel|brand|Chanel International B.V.|
|chanel|brand|Chanel|
|channel|generic|Charleston Road Registry Inc.|
|charity|generic|Public Interest Registry (PIR)|
|chase|brand|Chase Bank|
|chase|brand|JPMorgan Chase Bank, National Association|
|chat|generic|Binky Moon, LLC|
|cheap|generic|Binky Moon, LLC|
|chintai|brand|CHINTAI Corporation|
|chintai|brand|Chintai Corporation [ja]|
|chloe|generic|Not assigned|
|christmas|generic|XYZ.COM LLC|
|chrome|brand|Charleston Road Registry Inc.|
|chrome|brand|Google (Chrome)|
|chrysler|brand|Chrysler|
|chrysler|brand|Not assigned|
|church|generic|Binky Moon, LLC|
|ch|country-code|SWITCH The Swiss Education & Research Network|
|cipriani|brand|Hotel Cipriani Srl|
|cipriani|brand|Hotel Cipriani Srl|
|circle|generic|Jolly Host, LLC|
|cisco|brand|Cisco Systems|
|cisco|brand|Cisco Technology, Inc.|
|citadel|brand|Citadel Domain LLC|
|citadel|brand|Citadel Domain|
|citic|brand|CITIC Group Corporation|
|citic|brand|CITIC Group|
|citi|brand|Citigroup Inc.|
|citi|brand|Citigroup|
|cityeats|generic|Not assigned|
|city|generic|Binky Moon, LLC|
|ci|country-code|Autorité de Régulation des Télécommunications/TIC de Côte d’lvoire (ARTCI)|
|ck|country-code|Telecom Cook Islands Ltd.|
|claims|generic|Binky Moon, LLC|
|cleaning|generic|Binky Moon, LLC|
|click|generic|Internet Naming Co.|
|clinic|generic|Binky Moon, LLC|
|clinique|generic|The Estée Lauder Companies Inc.|
|clothing|generic|Binky Moon, LLC|
|cloudfront|pseudo-sld|custom|
|cloud|generic|ARUBA PEC S.p.A.|
|clubmed|brand|Club Med|
|clubmed|brand|Club Méditerranée S.A.|
|club|generic|Registry Services, LLC|
|cl|country-code|NIC Chile (University of Chile)|
|cm|country-code|Agence Nationale des Technologies de l'Information et de la Communication (ANTIC)|
|cn|country-code|China Internet Network Information Center (CNNIC)|
|coach|generic|Binky Moon, LLC|
|codes|generic|Binky Moon, LLC|
|coffee|generic|Binky Moon, LLC|
|college|generic|XYZ.COM LLC|
|cologne|generic|dotKoeln GmbH|
|comcast|brand|Comcast|
|comcast|brand|Not assigned|
|commbank|brand|COMMONWEALTH BANK OF AUSTRALIA|
|commbank|brand|Commonwealth Bank|
|community|generic|Binky Moon, LLC|
|company|generic|Binky Moon, LLC|
|compare|generic|Registry Services, LLC|
|computer|generic|Binky Moon, LLC|
|comsec|generic|VeriSign, Inc.|
|com|original|Commercial|Verisign|
|com|original|VeriSign Global Registry Services|
|com|pseudo-sld|custom|
|condos|generic|Binky Moon, LLC|
|construction|generic|Binky Moon, LLC|
|consulting|generic|Dog Beach, LLC|
|contact|generic|Dog Beach, LLC|
|contractors|generic|Binky Moon, LLC|
|cookingchannel|generic|Not assigned|
|cooking|generic|Registry Services, LLC|
|cool|generic|Binky Moon, LLC|
|coop|sponsored|DotCooperation LLC|
|corsica|generic|Collectivité de Corse|
|country|generic|Internet Naming Co.|
|coupons|generic|Binky Moon, LLC|
|coupon|generic|Amazon Registry Services, Inc.|
|courses|generic|Registry Services, LLC|
|co|country-code|Ministry of Information and Communications Technologies (MinTIC)|
|co|pseudo-sld|custom|
|cpa|generic|American Institute of Certified Public Accountants|
|creditcard|generic|Binky Moon, LLC|
|creditunion|brand|CUNA Performance Resources|
|creditunion|brand|DotCooperation, LLC|
|credit|generic|Binky Moon, LLC|
|cricket|generic|dot Cricket Limited|
|cri|pseudo-sld|custom|
|crown|brand|Crown Equipment Corporation|
|crs|brand|Federated Co-operatives Limited|
|crs|brand|Federated Co-operatives|
|cruises|generic|Binky Moon, LLC|
|cruise|generic|Viking River Cruises (Bermuda) Ltd.|
|cr|country-code|National Academy of Sciences (Academia Nacional de Ciencias)|
|csc|brand|DXC Technology|
|csc|brand|Not assigned|
|cuisinella|brand|SCHMIDT GROUPE S.A.S.|
|cuisinella|brand|Société Alsacienne de Meubles (Cuisinella)|
|cu|country-code|CENIAInternet|
|cv|country-code|Agência Reguladora Multissectorial da Economia (ARME)|
|cw|country-code|University of Curacao|
|cx|country-code|Christmas Island Domain Administration Limited|
|cymru|generic|Nominet UK|
|cyou|generic|Shortdot SA|
|cy|country-code|University of Cyprus|
|cz|country-code|CZ.NIC, z.s.p.o|
|dabur|brand|Dabur|
|dabur|brand|Not assigned|
|dad|generic|Charleston Road Registry Inc.|
|dance|generic|Dog Beach, LLC|
|data|generic|Dish DBS Corporation|
|date|generic|dot Date Limited|
|dating|generic|Binky Moon, LLC|
|datsun|brand|NISSAN MOTOR CO., LTD.|
|datsun|brand|Nissan (Datsun)|
|day|generic|Charleston Road Registry Inc.|
|dclk|generic|Charleston Road Registry Inc.|
|ddns|pseudo-sld|custom|
|dds|generic|Registry Services, LLC|
|dealer|brand|Dealer Dot Com|
|dealer|brand|Intercap Registry Inc.|
|deals|generic|Binky Moon, LLC|
|deal|generic|Amazon Registry Services, Inc.|
|degree|generic|Dog Beach, LLC|
|delivery|generic|Binky Moon, LLC|
|dell|brand|Dell Inc.|
|dell|brand|Dell|
|deloitte|brand|Deloitte Touche Tohmatsu|
|deloitte|brand|Deloitte|
|delta|brand|Delta Air Lines, Inc.|
|delta|brand|Delta Air Lines|
|democrat|generic|Dog Beach, LLC|
|dental|generic|Binky Moon, LLC|
|dentist|generic|Dog Beach, LLC|
|design|generic|Registry Services, LLC|
|desi|generic|Emergency Back-End Registry Operator Program - ICANN|
|dev|generic|Charleston Road Registry Inc.|
|de|country-code|DENIC eG|
|dhl|brand|Deutsche Post AG|
|dhl|brand|Deutsche Post|
|diamonds|generic|Binky Moon, LLC|
|diet|generic|XYZ.COM LLC|
|digital|generic|Binky Moon, LLC|
|directory|generic|Binky Moon, LLC|
|direct|generic|Binky Moon, LLC|
|discount|generic|Binky Moon, LLC|
|discover|brand|Discover Financial Services|
|dish|brand|Dish DBS Corporation|
|dish|brand|Dish Network|
|diy|generic|Internet Naming Co.|
|dj|country-code|Djibouti Telecom S.A|
|dk|country-code|Dansk Internet Forum|
|dm|country-code|DotDM Corporation|
|dnp|brand|Dai Nippon Printing Co., Ltd.|
|dnp|brand|Dai Nippon Printing|
|docs|generic|Charleston Road Registry Inc.|
|doctor|generic|Binky Moon, LLC|
|dodge|brand|Chrysler (Dodge)|
|dodge|brand|Not assigned|
|dog|generic|Binky Moon, LLC|
|doha|generic|Not assigned|
|domains|generic|Binky Moon, LLC|
|doosan|generic|Not assigned|
|dot|generic|Dish DBS Corporation|
|download|generic|dot Support Limited|
|do|country-code|Pontificia Universidad Catolica Madre y Maestra, Recinto Santo Tomas de Aquino|
|drive|generic|Charleston Road Registry Inc.|
|dtv|generic|Dish DBS Corporation|
|dubai|generic|Dubai Smart Government Department|
|duck|generic|Not assigned|
|dunlop|brand|Goodyear Tire and Rubber Company (Dunlop Tyres)|
|dunlop|brand|Not assigned|
|duns|generic|Not assigned|
|dupont|brand|DuPont Specialty Products USA, LLC|
|dupont|brand|DuPont|
|durban|generic|ZA Central Registry NPC trading as ZA Central Registry|
|dvag|brand|Deutsche Vermögensberatung Aktiengesellschaft DVAG|
|dvag|brand|Deutsche Vermögensberatung|
|dvr|generic|DISH Technologies L.L.C.|
|dyndns|pseudo-sld|custom|
|dz|country-code|CERIST|
|earth|generic|Interlink Systems Innovation Institute K.K.|
|eat|generic|Charleston Road Registry Inc.|
|eco|generic|Big Room Inc.|
|ec|country-code|ECUADORDOMAIN S.A.|
|edeka|brand|EDEKA Verband kaufmännischer Genossenschaften e.V.|
|edeka|brand|Edeka|
|education|generic|Binky Moon, LLC|
|edu|original|Education|Educause (via Verisign)|
|edu|pseudo-sld|custom|
|edu|sponsored|EDUCAUSE|
|ed|pseudo-sld|custom|
|ee|country-code|Eesti Interneti Sihtasutus (EIS)|
|eg|country-code|Egyptian Universities Network (EUN), Supreme Council of Universities|
|eh|country-code|Not assigned|
|email|generic|Binky Moon, LLC|
|emerck|brand|Merck Group|
|emerck|brand|Merck KGaA|
|emerson|generic|Not assigned|
|energy|generic|Binky Moon, LLC|
|engineering|generic|Binky Moon, LLC|
|engineer|generic|Dog Beach, LLC|
|enterprises|generic|Binky Moon, LLC|
|epost|generic|Not assigned|
|epson|brand|Seiko Epson Corporation|
|epson|brand|Seiko Epson|
|equipment|generic|Binky Moon, LLC|
|ericsson|brand|Ericsson|
|ericsson|brand|Telefonaktiebolaget L M Ericsson|
|erni|brand|ERNI Group Holding AG|
|er|country-code|Eritrea Telecommunication Services Corporation (EriTel)|
|esq|generic|Charleston Road Registry Inc.|
|estate|generic|Binky Moon, LLC|
|esurance|brand|Esurance|
|esurance|brand|Not assigned|
|es|country-code|Red.es|
|etisalat|brand|Etisalat|
|etisalat|brand|Not assigned|
|et|country-code|Ethio telecom|
|eurovision|brand|European Broadcasting Union (EBU)|
|eurovision|brand|European Broadcasting Union (Eurovision)|
|eus|generic|Puntueus Fundazioa|
|eu|country-code|EURid vzw|
|events|generic|Binky Moon, LLC|
|everbank|brand|EverBank|
|everbank|brand|Not assigned|
|exchange|generic|Binky Moon, LLC|
|expert|generic|Binky Moon, LLC|
|exposed|generic|Binky Moon, LLC|
|express|generic|Binky Moon, LLC|
|extraspace|brand|Extra Space Storage LLC|
|extraspace|brand|Extra Space Storage|
|fage|brand|Fage International S.A.|
|fage|brand|Fage|
|fail|generic|Binky Moon, LLC|
|fairwinds|brand|FairWinds Partners, LLC|
|fairwinds|brand|FairWinds Partners|
|faith|generic|dot Faith Limited|
|family|generic|Dog Beach, LLC|
|fans|generic|ZDNS International Limited|
|fan|generic|Dog Beach, LLC|
|farmers|brand|Farmers Insurance Exchange|
|farm|generic|Binky Moon, LLC|
|fashion|generic|Registry Services, LLC|
|fast|generic|Amazon Registry Services, Inc.|
|fedex|brand|FedEx|
|fedex|brand|Federal Express Corporation|
|feedback|generic|Top Level Spectrum, Inc.|
|ferrari|brand|Fiat Chrysler Automobiles N.V.|
|ferrari|brand|Stellantis (Ferrari)|
|ferrero|brand|Ferrero Trading Lux S.A.|
|ferrero|brand|Ferrero|
|fiat|brand|Not assigned|
|fiat|brand|Stellantis (Fiat)|
|fidelity|brand|Fidelity Brokerage Services LLC|
|fidelity|brand|Fidelity Investments|
|fido|generic|Rogers Communications Canada Inc.|
|film|generic|Motion Picture Domain Registry Pty Ltd|
|final|generic|Núcleo de Informação e Coordenação do Ponto BR - NIC.br|
|finance|generic|Binky Moon, LLC|
|financial|generic|Binky Moon, LLC|
|firestone|brand|Bridgestone Licensing Services, Inc.|
|firestone|brand|Bridgestone|
|fire|generic|Amazon Registry Services, Inc.|
|firmdale|brand|Firmdale Holdings Limited|
|firmdale|brand|Firmdale Holdings|
|firm|pseudo-sld|custom|
|fishing|generic|Registry Services, LLC|
|fish|generic|Binky Moon, LLC|
|fitness|generic|Binky Moon, LLC|
|fit|generic|Registry Services, LLC|
|fi|country-code|Finnish Transport and Communications Agency Traficom|
|fj|country-code|"The University of the South Pacific|
|fk|country-code|Falkland Islands Government|
|flickr|brand|Flickr, Inc.|
|flickr|brand|Yahoo! (Flickr)|
|flights|generic|Binky Moon, LLC|
|flir|brand|FLIR Systems, Inc.|
|flir|brand|FLIR Systems|
|florist|generic|Binky Moon, LLC|
|flowers|generic|XYZ.COM LLC|
|flsmidth|brand|FLSmidth|
|flsmidth|brand|Not assigned|
|fly|generic|Charleston Road Registry Inc.|
|fm|country-code|FSM Telecommunications Corporation|
|foodnetwork|generic|Not assigned|
|food|generic|Internet Naming Co.|
|football|generic|Binky Moon, LLC|
|foo|generic|Charleston Road Registry Inc.|
|ford|brand|Ford Motor Company|
|ford|brand|Ford|
|forex|generic|Dog Beach, LLC|
|forsale|generic|Dog Beach, LLC|
|forum|generic|Fegistry, LLC|
|foundation|generic|Public Interest Registry (PIR)|
|fox|brand|FOX Registry, LLC|
|fo|country-code|FO Council|
|free|generic|Amazon Registry Services, Inc.|
|fresenius|brand|Fresenius Immobilien-Verwaltungs-GmbH|
|frl|generic|FRLregistry B.V.|
|frogans|brand|OP3FT|
|frontdoor|generic|Not assigned|
|frontier|brand|Frontier Communications Corporation|
|frontier|brand|Frontier Communications|
|fr|country-code|Association Française pour le Nommage Internet en Coopération (A.F.N.I.C.)|
|ftr|generic|Frontier Communications Corporation|
|fujitsu|brand|Fujitsu Limited|
|fujitsu|brand|Fujitsu|
|fujixerox|brand|Fuji Xerox|
|fujixerox|brand|Not assigned|
|fund|generic|Binky Moon, LLC|
|fun|generic|Radix Technologies Inc.|
|furniture|generic|Binky Moon, LLC|
|futbol|generic|Dog Beach, LLC|
|fyi|generic|Binky Moon, LLC|
|gallery|generic|Binky Moon, LLC|
|gallo|brand|E & J Gallo Winery|
|gallo|brand|Gallo Vineyards, Inc.|
|gallup|brand|Gallup, Inc.|
|gallup|brand|Gallup|
|gal|generic|Asociación puntoGAL|
|games|generic|Dog Beach, LLC|
|game|generic|XYZ.COM LLC|
|gap|brand|Gap|
|gap|brand|The Gap, Inc.|
|garden|generic|Registry Services, LLC|
|gay|generic|Registry Services, LLC|
|ga|country-code|Agence Nationale des Infrastructures Numériques et des Fréquences (ANINF)|
|gbiz|brand|Charleston Road Registry Inc.|
|gbiz|brand|Google|
|gb|country-code|Reserved Domain - IANA|
|gdn|generic|Joint Stock Company "Navigation-information systems"|
|gd|country-code|The National Telecommunications Regulatory Commission (NTRC)|
|gea|brand|GEA Group Aktiengesellschaft|
|gea|brand|GEA Group|
|genting|brand|Genting Group|
|genting|brand|Resorts World Inc. Pte. Ltd.|
|gent|generic|Easyhost bv|
|gen|pseudo-sld|custom|
|george|generic|Wal-Mart Stores, Inc.|
|ge|country-code|Caucasus Online LLC|
|gf|country-code|CANAL+ TELECOM|
|ggee|generic|GMO Internet, Inc.|
|gg|country-code|Island Networks Ltd.|
|gh|country-code|Network Computer Systems Limited|
|gifts|generic|Binky Moon, LLC|
|gift|generic|Uniregistry, Corp.|
|github|pseudo-sld|custom|
|gives|generic|Public Interest Registry (PIR)|
|giving|brand|Public Interest Registry (PIR)|
|giving|brand|Public Interest Registry|
|gi|country-code|Sapphire Networks|
|glade|generic|Not assigned|
|glass|generic|Binky Moon, LLC|
|gle|brand|Charleston Road Registry Inc.|
|gle|brand|Google|
|global|generic|Identity Digital Limited|
|globo|brand|Globo Comunicação e Participações S.A|
|globo|brand|Grupo Globo|
|gl|country-code|TELE Greenland A/S|
|gmail|brand|Charleston Road Registry Inc.|
|gmail|brand|Google (Gmail)|
|gmbh|generic|Binky Moon, LLC|
|gmo|brand|GMO Internet, Inc.|
|gmo|brand|GMO Internet|
|gmx|brand|1&1 Mail & Media GmbH|
|gmx|brand|1&1 Mail & Media (GMX, Global Message Exchange)|
|gm|country-code|GM-NIC|
|gn|country-code|Centre National des Sciences Halieutiques de Boussoura|
|godaddy|brand|Go Daddy East, LLC|
|godaddy|brand|Go Daddy|
|goldpoint|brand|YODOBASHI CAMERA CO.,LTD.|
|goldpoint|brand|Yodobashi Camera|
|gold|generic|Binky Moon, LLC|
|golf|generic|Binky Moon, LLC|
|goodhands|generic|Not assigned|
|goodyear|brand|Goodyear Tire and Rubber Company|
|goodyear|brand|The Goodyear Tire & Rubber Company|
|google|brand|Charleston Road Registry Inc.|
|google|brand|Google|
|goog|brand|Charleston Road Registry Inc.|
|goog|brand|Google|
|goo|generic|Not assigned|
|gop|generic|Republican State Leadership Committee, Inc.|
|got|generic|Jolly Host, LLC|
|govt|pseudo-sld|custom|
|gov|original|U.S. national and state government agencies|Cybersecurity and Infrastructure Security Agency (via Verisign)|
|gov|pseudo-sld|custom|
|gov|sponsored|Cybersecurity and Infrastructure Security Agency|
|go|pseudo-sld|custom|
|gp|country-code|Networking Technologies Group|
|gq|country-code|GETESA|
|grainger|brand|Grainger Registry Services, LLC|
|graphics|generic|Binky Moon, LLC|
|gratis|generic|Binky Moon, LLC|
|green|generic|Identity Digital Limited|
|gripe|generic|Binky Moon, LLC|
|grocery|generic|Wal-Mart Stores, Inc.|
|group|generic|Binky Moon, LLC|
|gr|country-code|ICS-FORTH GR|
|gs|country-code|Government of South Georgia and South Sandwich Islands (GSGSSI)|
|gt|country-code|Universidad del Valle de Guatemala|
|guardian|brand|Guardian Life Insurance Company of America|
|guardian|brand|Not assigned|
|gucci|brand|Guccio Gucci S.p.a.|
|gucci|brand|Gucci|
|guge|generic|Charleston Road Registry Inc.|
|guide|generic|Binky Moon, LLC|
|guitars|generic|XYZ.COM LLC|
|guru|generic|Binky Moon, LLC|
|gu|country-code|University of Guam|
|gw|country-code|Autoridade Reguladora Nacional - Tecnologias de Informação e Comunicação da Guiné-Bissau|
|gy|country-code|University of Guyana|
|hair|generic|XYZ.COM LLC|
|hamburg|generic|Hamburg Top-Level-Domain GmbH|
|hangout|generic|Charleston Road Registry Inc.|
|haus|generic|Dog Beach, LLC|
|hbo|brand|HBO Registry Services, Inc.|
|hbo|brand|HBO|
|hdfcbank|brand|HDFC Bank Limited|
|hdfcbank|brand|HDFC Bank|
|hdfc|brand|HOUSING DEVELOPMENT FINANCE CORPORATION LIMITED|
|hdfc|brand|Housing Development Finance Corporation|
|healthcare|generic|Binky Moon, LLC|
|health|generic|Registry Services, LLC|
|help|generic|Innovation Service Ltd|
|helsinki|generic|City of Helsinki|
|here|generic|Charleston Road Registry Inc.|
|hermes|brand|Hermes International|
|hermes|brand|Hermès|
|hgtv|generic|Not assigned|
|hiphop|generic|Dot Hip Hop, LLC|
|hisamitsu|brand|Hisamitsu Pharmaceutical Co.,Inc.|
|hisamitsu|brand|Hisamitsu Pharmaceutical|
|hitachi|brand|Hitachi, Ltd.|
|hitachi|brand|Hitachi|
|hiv|generic|Internet Naming Co.|
|hkt|brand|Hong Kong Telecom|
|hkt|brand|PCCW-HKT DataCom Services Limited|
|hk|country-code|Hong Kong Internet Registration Corporation Ltd.|
|hm|country-code|HM Domain Registry|
|hn|country-code|Red de Desarrollo Sostenible Honduras|
|hockey|generic|Binky Moon, LLC|
|holdings|generic|Binky Moon, LLC|
|holiday|generic|Binky Moon, LLC|
|homedepot|generic|Home Depot Product Authority, LLC|
|homegoods|brand|HomeGoods (The TJX Companies, Inc.)|
|homegoods|brand|The TJX Companies, Inc.|
|homesense|brand|HomeSense (The TJX Companies, Inc.)|
|homesense|brand|The TJX Companies, Inc.|
|homes|generic|XYZ.COM LLC|
|honda|brand|Honda Motor Co., Ltd.|
|honda|brand|Honda|
|honeywell|brand|Honeywell|
|honeywell|brand|Not assigned|
|horse|generic|Registry Services, LLC|
|hospital|generic|Binky Moon, LLC|
|hosting|generic|XYZ.COM LLC|
|host|generic|Radix Technologies Inc.|
|hoteles|generic|Not assigned|
|hotels|generic|Booking.com B.V.|
|hotmail|brand|Microsoft Corporation|
|hotmail|brand|Microsoft (Hotmail)|
|hot|generic|Amazon Registry Services, Inc.|
|house|generic|Binky Moon, LLC|
|how|generic|Charleston Road Registry Inc.|
|hr|country-code|CARNet - Croatian Academic and Research Network|
|hsbc|brand|HSBC Global Services (UK) Limited|
|hsbc|brand|HSBC|
|htc|generic|Not assigned|
|ht|country-code|Consortium FDS/RDDH|
|hughes|brand|Hughes Network Systems|
|hughes|brand|Hughes Satellite Systems Corporation|
|hu|country-code|Council of Hungarian Internet Providers (CHIP)|
|hyatt|brand|Hyatt GTLD, L.L.C.|
|hyatt|brand|Hyatt|
|hyundai|brand|Hyundai Motor Company|
|ibm|brand|IBM|
|ibm|brand|International Business Machines Corporation|
|icbc|generic|Industrial and Commercial Bank of China Limited|
|ice|brand|Intercontinental Exchange|
|ice|brand|IntercontinentalExchange, Inc.|
|icu|generic|Shortdot SA|
|id|country-code|Perkumpulan Pengelola Nama Domain Internet Indonesia (PANDI)|
|id|pseudo-sld|custom|
|ieee|brand|IEEE Global LLC|
|ieee|brand|Institute of Electrical & Electronics Engineers|
|ie|country-code|University College Dublin, Computing Services, Computer Centre|
|ifm|brand|ifm electronic gmbh|
|iinet|generic|Not assigned|
|ikano|brand|Ikano S.A.|
|ikano|brand|Ikano|
|il|country-code|The Israel Internet Association (RA)|
|imamat|generic|Fondation Aga Khan (Aga Khan Foundation)|
|imdb|brand|Amazon Registry Services, Inc.|
|imdb|brand|Amazon (IMDb)|
|immobilien|generic|Dog Beach, LLC|
|immo|generic|Binky Moon, LLC|
|im|country-code|Isle of Man Government|
|inc|generic|Intercap Registry Inc.|
|industries|generic|Binky Moon, LLC|
|ind|pseudo-sld|custom|
|infiniti|brand|NISSAN MOTOR CO., LTD.|
|infiniti|brand|Nissan (Infiniti)|
|info|generic|Identity Digital Limited|
|info|pseudo-sld|custom|
|inf|pseudo-sld|custom|
|ing|generic|Charleston Road Registry Inc.|
|ink|generic|Registry Services, LLC|
|institute|generic|Binky Moon, LLC|
|insurance|generic|fTLD Registry Services LLC|
|insure|generic|Binky Moon, LLC|
|intel|brand|Intel|
|intel|brand|Not assigned|
|international|generic|Binky Moon, LLC|
|intuit|brand|Intuit Administrative Services, Inc.|
|intuit|brand|Intuit|
|int|original|International|Internet Assigned Numbers Authority|
|int|sponsored|Internet Assigned Numbers Authority|
|investments|generic|Binky Moon, LLC|
|in|country-code|National Internet Exchange of India|
|io|country-code|Internet Computer Bureau Limited|
|ipiranga|brand|Ipiranga Produtos de Petroleo S.A.|
|ipiranga|brand|Ipiranga|
|iq|country-code|Communications and Media Commission (CMC)|
|irish|generic|Binky Moon, LLC|
|ir|country-code|Institute for Research in Fundamental Sciences|
|iselect|brand|Not assigned|
|iselect|brand|iSelect|
|ismaili|generic|Fondation Aga Khan (Aga Khan Foundation)|
|istanbul|generic|Istanbul Metropolitan Municipality|
|ist|generic|Istanbul Metropolitan Municipality|
|is|country-code|ISNIC - Internet á Íslandi hf.|
|itau|brand|Itau Unibanco Holding S.A.|
|itau|brand|Itaú Unibanco|
|itv|brand|ITV Services Limited|
|itv|brand|ITV|
|it|country-code|IIT - CNR|
|iveco|brand|CNH Industrial (Iveco)|
|iveco|brand|Not assigned|
|iwc|generic|Not assigned|
|jaguar|brand|Jaguar Land Rover Ltd|
|jaguar|brand|Jaguar Land Rover|
|java|brand|Oracle Corporation|
|java|brand|Oracle (Java)|
|jcb|brand|JCB Co., Ltd.|
|jcb|brand|JCB|
|jcp|brand|JCP Media|
|jcp|brand|Not assigned|
|jeep|brand|Chrysler (Jeep)|
|jeep|brand|FCA US LLC.|
|jetzt|generic|Binky Moon, LLC|
|jewelry|generic|Binky Moon, LLC|
|je|country-code|Island Networks (Jersey) Ltd.|
|jio|brand|Reliance Industries Limited|
|jio|brand|Reliance Industries (Jio)|
|jlc|generic|Not assigned|
|jll|generic|Jones Lang LaSalle Incorporated|
|jmp|generic|Matrix IP LLC|
|jm|country-code|University of West Indies|
|jnj|generic|Johnson & Johnson Services, Inc.|
|jobs|sponsored|Employ Media LLC|
|joburg|generic|ZA Central Registry NPC trading as ZA Central Registry|
|jot|generic|Jolly Host, LLC|
|joy|generic|Amazon Registry Services, Inc.|
|jo|country-code|Ministry of Digital Economy and Entrepreneurship (MoDEE)|
|jpmorgan|brand|JPMorgan Chase Bank, National Association|
|jpmorgan|brand|JPMorgan Chase|
|jprs|generic|Japan Registry Services Co., Ltd.|
|jp|country-code|Japan Registry Services Co., Ltd.|
|juegos|generic|Dog Beach, LLC|
|juniper|brand|JUNIPER NETWORKS, INC.|
|juniper|brand|Juniper Networks|
|kaufen|generic|Dog Beach, LLC|
|kddi|brand|KDDI CORPORATION|
|kddi|brand|KDDI|
|kerryhotels|brand|Kerry Trading Co. Limited|
|kerrylogistics|generic|Not assigned|
|kerryproperties|brand|Kerry Trading Co. Limited|
|ke|country-code|Kenya Network Information Center (KeNIC)|
|kfh|brand|Kuwait Finance House|
|kg|country-code|AsiaInfo Telecommunication Enterprise|
|kh|country-code|Telecommunication Regulator of Cambodia (TRC)|
|kia|brand|KIA MOTORS CORPORATION|
|kia|brand|Kia Motors Corporation|
|kids|generic|DotKids Foundation Limited|
|kim|generic|Identity Digital Limited|
|kinder|brand|Ferrero (Kinder Surprise)|
|kinder|brand|Not assigned|
|kindle|brand|Amazon Registry Services, Inc.|
|kindle|brand|Amazon (Kindle)|
|kitchen|generic|Binky Moon, LLC|
|kiwi|generic|DOT KIWI LIMITED|
|ki|country-code|Ministry of Information, Communications and Transport (MICT)|
|km|country-code|Comores Telecom|
|kn|country-code|Ministry of Finance, Sustainable Development Information & Technology|
|koeln|generic|dotKoeln GmbH|
|komatsu|brand|Komatsu Ltd.|
|komatsu|brand|Komatsu|
|kosher|generic|Kosher Marketing Assets LLC|
|kpmg|brand|KPMG International Cooperative (KPMG International Genossenschaft)|
|kpmg|brand|KPMG|
|kpn|generic|Koninklijke KPN N.V.|
|kp|country-code|Star Joint Venture Company|
|krd|generic|KRG Department of Information Technology|
|kred|brand|KredTLD Pty Ltd|
|kred|brand|KredTLD|
|kr|country-code|Korea Internet & Security Agency (KISA)|
|kuokgroup|brand|Kerry Trading Co. Limited|
|kw|country-code|Communications and Information Technology Regulatory Authority|
|kyoto|generic|Academic Institution: Kyoto Jyoho Gakuen|
|ky|country-code|Utility Regulation and Competition Office (OfReg)|
|kz|country-code|Association of IT Companies of Kazakhstan|
|lacaixa|brand|Caixa d’Estalvis i Pensions de Barcelona|
|lacaixa|brand|Fundación Bancaria Caixa d'Estalvis i Pensions de Barcelona, "la Caixa"|
|ladbrokes|brand|Ladbrokes|
|ladbrokes|brand|Not assigned|
|lamborghini|brand|Automobili Lamborghini S.p.A.|
|lamborghini|brand|Lamborghini|
|lamer|generic|The Estée Lauder Companies Inc.|
|lancaster|brand|Lancaster (Coty)|
|lancaster|brand|Not assigned|
|lancia|brand|Not assigned|
|lancia|brand|Stellantis (Lancia)|
|lancome|brand|L'Oréal (Lancôme)|
|lancome|brand|Not assigned|
|landrover|brand|Jaguar Land Rover Ltd|
|landrover|brand|Jaguar Land Rover|
|land|generic|Binky Moon, LLC|
|lanxess|brand|LANXESS Corporation|
|lanxess|brand|Lanxess|
|lasalle|brand|JLL|
|lasalle|brand|Jones Lang LaSalle Incorporated|
|latino|generic|Dish DBS Corporation|
|latrobe|brand|La Trobe University|
|lat|generic|XYZ.COM LLC|
|lawyer|generic|Dog Beach, LLC|
|law|generic|Registry Services, LLC|
|la|country-code|Lao National Internet Center (LANIC), Ministry of Technology and Communications|
|lb|country-code|Internet Society Lebanon|
|lc|country-code|University of Puerto Rico|
|lds|brand|IRI Domain Management, LLC|
|lds|brand|The Church of Jesus Christ of Latter-day Saints (LDS Church)[124]|
|lease|generic|Binky Moon, LLC|
|leclerc|brand|A.C.D. LEC Association des Centres Distributeurs Edouard Leclerc|
|leclerc|brand|E.Leclerc|
|lefrak|generic|LeFrak Organization, Inc.|
|legal|generic|Binky Moon, LLC|
|lego|brand|LEGO Juris A/S|
|lego|brand|Lego Group|
|lexus|brand|TOYOTA MOTOR CORPORATION|
|lexus|brand|Toyota (Lexus)|
|lgbt|generic|Identity Digital Limited|
|lg|pseudo-sld|custom|
|liaison|brand|Liaison Technologies|
|liaison|brand|Not assigned|
|lidl|brand|Lidl|
|lidl|brand|Schwarz Domains und Services GmbH & Co. KG|
|lifeinsurance|generic|American Council of Life Insurers|
|lifestyle|brand|Internet Naming Co.|
|lifestyle|brand|Lifestyle Domain Holdings, Inc.|
|life|generic|Binky Moon, LLC|
|lighting|generic|Binky Moon, LLC|
|like|generic|Amazon Registry Services, Inc.|
|lilly|brand|Eli Lilly and Company|
|limited|generic|Binky Moon, LLC|
|limo|generic|Binky Moon, LLC|
|lincoln|brand|Ford Motor Company|
|lincoln|brand|Ford (Lincoln)|
|linde|brand|Linde|
|linde|brand|Not assigned|
|link|generic|Nova Registry Ltd.|
|lipsy|brand|Lipsy Ltd|
|lipsy|brand|Not assigned|
|live|generic|Dog Beach, LLC|
|living|generic|Internet Naming Co.|
|lixil|brand|Lixil Group|
|lixil|brand|Not assigned|
|li|country-code|SWITCH The Swiss Education & Research Network|
|lk|country-code|"Council for Information Technology|
|llc|generic|Identity Digital Limited|
|llp|generic|Intercap Registry Inc.|
|loans|generic|Binky Moon, LLC|
|loan|generic|dot Loan Limited|
|locker|generic|Orange Domains LLC|
|locus|brand|Locus Analytics LLC|
|locus|brand|Locus Analytics|
|loft|generic|Not assigned|
|lol|generic|XYZ.COM LLC|
|london|generic|Dot London Domains Limited|
|lotte|brand|Lotte Holdings Co., Ltd.|
|lotte|brand|Lotte Holdings|
|lotto|generic|Identity Digital Limited|
|love|generic|Waterford Limited|
|lplfinancial|brand|LPL Financial|
|lplfinancial|brand|LPL Holdings, Inc.|
|lpl|brand|LPL Financial|
|lpl|brand|LPL Holdings, Inc.|
|lr|country-code|Data Technology Solutions, Inc.|
|ls|country-code|Lesotho Network Information Centre Proprietary (LSNIC)|
|ltda|generic|InterNetX Corp.|
|ltd|generic|Binky Moon, LLC|
|ltd|pseudo-sld|custom|
|lt|country-code|Kaunas University of Technology|
|lundbeck|brand|H. Lundbeck A/S|
|lundbeck|brand|Lundbeck|
|lupin|brand|Lupin Limited|
|lupin|brand|Not assigned|
|luxe|generic|Registry Services, LLC|
|luxury|generic|Luxury Partners LLC|
|lu|country-code|RESTENA|
|lv|country-code|University of Latvia, Institute of Mathematics and Computer Science, Department of Network Solutions (DNS)|
|ly|country-code|General Authority of Communications and Informatics (GACI)|
|macys|brand|Macy's|
|macys|brand|Not assigned|
|madrid|generic|Comunidad de Madrid|
|maif|brand|MAIF|
|maif|brand|Mutuelle Assurance Instituteur France (MAIF)|
|maison|generic|Binky Moon, LLC|
|makeup|generic|XYZ.COM LLC|
|management|generic|Binky Moon, LLC|
|mango|brand|Mango|
|mango|brand|PUNTO FA S.L.|
|man|brand|MAN Truck & Bus SE|
|man|brand|MAN|
|map|generic|Charleston Road Registry Inc.|
|marketing|generic|Binky Moon, LLC|
|markets|generic|Dog Beach, LLC|
|market|generic|Dog Beach, LLC|
|marriott|brand|Marriott International|
|marriott|brand|Marriott Worldwide Corporation|
|marshalls|generic|The TJX Companies, Inc.|
|maserati|brand|Not assigned|
|maserati|brand|Stellantis (Maserati)|
|mattel|brand|Mattel IT Services, Inc.|
|mattel|brand|Mattel|
|ma|country-code|Agence Nationale de Réglementation des Télécommunications (ANRT)|
|mba|generic|Binky Moon, LLC|
|mcdonalds|generic|Not assigned|
|mcd|generic|Not assigned|
|mckinsey|brand|McKinsey & Company|
|mckinsey|brand|McKinsey Holdings, Inc.|
|mc|country-code|Direction des Plateformes et des Ressources Numériques|
|md|country-code|IP Serviciul Tehnologia Informatiei si Securitate Cibernetica|
|media|generic|Binky Moon, LLC|
|med|generic|Medistry LLC|
|meet|generic|Charleston Road Registry Inc.|
|melbourne|generic|The Crown in right of the State of Victoria, represented by its Department of State Development, Business and Innovation|
|meme|generic|Charleston Road Registry Inc.|
|memorial|generic|Dog Beach, LLC|
|menu|generic|Dot Menu Registry LLC|
|men|generic|Exclusive Registry Limited|
|meo|generic|Not assigned|
|merckmsd|generic|MSD Registry Holdings, Inc.|
|merck|generic|Merck Registry Holdings, Inc.|
|metlife|brand|MetLife|
|metlife|brand|Not assigned|
|me|country-code|Government of Montenegro|
|mf|country-code|Not assigned|
|mg|country-code|NIC-MG (Network Information Center Madagascar)|
|mh|country-code|Office of the Cabinet|
|miami|generic|Registry Services, LLC|
|microsoft|brand|Microsoft Corporation|
|microsoft|brand|Microsoft|
|mil|original|U.S. military|United States Department of Defense|
|mil|pseudo-sld|custom|
|mil|sponsored|DoD Network Information Center|
|mini|brand|BMW (Mini)|
|mini|brand|Bayerische Motoren Werke Aktiengesellschaft|
|mint|brand|Intuit Administrative Services, Inc.|
|mint|brand|Intuit Mint (Intuit Administrative Services, Inc.)|
|mitsubishi|brand|Mitsubishi Corporation|
|mit|brand|Massachusetts Institute of Technology|
|mk|country-code|Macedonian Academic Research Network Skopje|
|mlb|brand|MLB Advanced Media DH, LLC|
|mlb|brand|MLB Advanced Media|
|mls|generic|The Canadian Real Estate Association|
|ml|country-code|Agence des Technologies de l’Information et de la Communication|
|mma|brand|MMA IARD|
|mm|country-code|Ministry of Transport and Communications|
|mn|country-code|Datacom Co., Ltd.|
|mobile|generic|Dish DBS Corporation|
|mobily|generic|Not assigned|
|mobi|generic|Identity Digital Limited|
|moda|generic|Dog Beach, LLC|
|moe|generic|Interlink Systems Innovation Institute K.K.|
|moi|generic|Amazon Registry Services, Inc.|
|mom|generic|XYZ.COM LLC|
|monash|brand|Monash University|
|money|generic|Binky Moon, LLC|
|monster|generic|XYZ.COM LLC|
|montblanc|generic|Not assigned|
|mopar|generic|Not assigned|
|mormon|brand|IRI Domain Management, LLC ("Applicant")|
|mormon|brand|The Church of Jesus Christ of Latter-day Saints (LDS Church)[124]|
|mortgage|generic|Dog Beach, LLC|
|moscow|generic|Foundation for Assistance for Internet Technologies and Infrastructure Development (FAITID)|
|motorcycles|generic|XYZ.COM LLC|
|moto|brand|Motorola Trademark Holdings, LLC|
|moto|brand|Motorola|
|movie|generic|Binky Moon, LLC|
|movistar|brand|Not assigned|
|movistar|brand|Telefónica (Movistar)|
|mov|generic|Charleston Road Registry Inc.|
|mo|country-code|Macao Post and Telecommunications Bureau (CTT)|
|mp|country-code|Saipan Datacom, Inc.|
|mq|country-code|CANAL+ TELECOM|
|mr|country-code|Université de Nouakchott Al Aasriya|
|msd|brand|MSD Registry Holdings, Inc.|
|ms|country-code|MNI Networks Ltd.|
|mtn|brand|MTN Dubai Limited|
|mtn|brand|MTN|
|mtpc|generic|Not assigned|
|mtr|brand|MTR Corporation Limited|
|mtr|brand|MTR Corporation|
|mt|country-code|NIC (Malta)|
|museum|sponsored|Museum Domain Management Association|
|music|generic|DotMusic Limited|
|mutual|brand|Northwestern Mutual|
|mutual|brand|Not assigned|
|mutuelle|generic|Not assigned|
|mu|country-code|Internet Direct Ltd|
|mv|country-code|Dhivehi Raajjeyge Gulhun PLC|
|mw|country-code|Malawi Sustainable Development Network Programme (Malawi SDNP)|
|mx|country-code|"NIC-Mexico|
|my|country-code|MYNIC Berhad|
|mz|country-code|Centro de Informatica de Universidade Eduardo Mondlane|
|nab|generic|National Australia Bank Limited|
|nadex|brand|Nadex|
|nadex|brand|Not assigned|
|nagoya|generic|GMO Registry, Inc.|
|name|generic-restricted|VeriSign Information Services, Inc.|
|nationwide|brand|Nationwide Mutual Insurance Company|
|nationwide|brand|Not assigned|
|natura|brand|Natura & Co|
|natura|brand|Not assigned|
|navy|generic|Dog Beach, LLC|
|na|country-code|Namibian Network Information Center|
|nba|brand|NBA REGISTRY, LLC|
|nba|brand|National Basketball Association|
|nc|country-code|Office des Postes et Telecommunications|
|nec|brand|NEC Corporation|
|nec|brand|NEC|
|netbank|generic|COMMONWEALTH BANK OF AUSTRALIA|
|netflix|brand|Netflix, Inc.|
|netflix|brand|Netflix|
|network|generic|Binky Moon, LLC|
|net|original|Network|Verisign|
|net|original|VeriSign Global Registry Services|
|net|pseudo-sld|custom|
|neustar|brand|NeuStar, Inc.|
|neustar|brand|Neustar|
|newholland|brand|CNH Industrial (New Holland Agriculture, New Holland Construction)|
|newholland|brand|Not assigned|
|news|generic|Dog Beach, LLC|
|new|generic|Charleston Road Registry Inc.|
|nextdirect|generic|Next plc|
|next|generic|Next plc|
|nexus|generic|Charleston Road Registry Inc.|
|ne|country-code|SONITEL|
|ne|pseudo-sld|custom|
|nfl|brand|NFL Reg Ops LLC|
|nfl|brand|National Football League|
|nf|country-code|Norfolk Island Data Services|
|ngo|generic|Public Interest Registry|
|ng|country-code|Nigeria Internet Registration Association|
|nhk|brand|Japan Broadcasting Corporation (NHK)|
|nhk|brand|NHK|
|nhs|pseudo-sld|custom|
|nico|brand|DWANGO Co., Ltd.|
|nico|brand|Dwango (Niconico)|
|nic|pseudo-sld|custom|
|nike|brand|NIKE, Inc.|
|nike|brand|Nike|
|nikon|brand|NIKON CORPORATION|
|nikon|brand|Nikon|
|ninja|generic|Dog Beach, LLC|
|nissan|brand|NISSAN MOTOR CO., LTD.|
|nissan|brand|Nissan|
|nissay|brand|Nippon Life Insurance Company|
|nissay|brand|Nippon Life|
|ni|country-code|Universidad Nacional del Ingernieria. Division de Tecnologias de la Informacion.|
|nl|country-code|SIDN (Stichting Internet Domeinregistratie Nederland)|
|nokia|brand|Nokia Corporation|
|nokia|brand|Nokia|
|nom|pseudo-sld|custom|
|northwesternmutual|brand|Northwestern Mutual|
|northwesternmutual|brand|Not assigned|
|norton|brand|Gen Digital Inc.|
|norton|brand|NortonLifeLock|
|nowruz|generic|Emergency Back-End Registry Operator Program - ICANN|
|nowtv|generic|Starbucks (HK) Limited|
|now|generic|Amazon Registry Services, Inc.|
|no|country-code|Norid A/S|
|np|country-code|Mercantile Communications Pvt. Ltd.|
|nra|brand|National Rifle Association of America|
|nrw|generic|Minds + Machines GmbH|
|nr|country-code|CENPAC NET|
|ntt|brand|NIPPON TELEGRAPH AND TELEPHONE CORPORATION|
|ntt|brand|Nippon Telegraph & Telephone|
|nu|country-code|The IUSN Foundation|
|nyc|generic|The City of New York by and through the New York City Department of Information Technology & Telecommunications|
|nz|country-code|InternetNZ|
|obi|brand|OBI Group Holding SE & Co. KGaA|
|observer|generic|Fegistry, LLC|
|office|brand|Microsoft Corporation|
|office|brand|Microsoft (Office)|
|off|generic|Not assigned|
|okinawa|generic|BRregistry, Inc.|
|olayangroup|generic|Competrol (Luxembourg) Sarl|
|olayan|generic|Competrol (Luxembourg) Sarl|
|oldnavy|generic|Not assigned|
|ollo|generic|Dish DBS Corporation|
|omega|brand|Swatch Group (Omega)|
|omega|brand|The Swatch Group Ltd|
|om|country-code|Telecommunications Regulatory Authority (TRA)|
|one|generic|One.com A/S|
|ong|generic|Public Interest Registry|
|online|generic|Radix Technologies Inc. SEZC|
|onl|generic|Jolly Host, LLC|
|onyourside|generic|Not assigned|
|ooo|generic|INFIBEAM AVENUES LIMITED|
|open|generic|American Express Travel Related Services Company, Inc.|
|oracle|brand|Oracle Corporation|
|oracle|brand|Oracle|
|orange|brand|Orange Brand Services Limited|
|orange|brand|Orange|
|organic|generic|Identity Digital Limited|
|org|original|Organization|Public Interest Registry|
|org|original|Public Interest Registry (PIR)|
|org|pseudo-sld|custom|
|orientexpress|generic|Not assigned|
|origins|brand|Origins (The Estée Lauder Companies Inc.)|
|origins|brand|The Estée Lauder Companies Inc.|
|or|pseudo-sld|custom|
|osaka|generic|Osaka Registry Co., Ltd.|
|otsuka|brand|Otsuka Holdings Co., Ltd.|
|otsuka|brand|Otsuka Pharmaceutical|
|ott|generic|Dish DBS Corporation|
|ovh|brand|OVH SAS|
|ovh|brand|OVH|
|pages|pseudo-sld|custom|
|page|generic|Charleston Road Registry Inc.|
|pamperedchef|generic|Not assigned|
|panasonic|brand|Panasonic Corporation|
|panasonic|brand|Panasonic|
|panerai|generic|Not assigned|
|paris|generic|City of Paris|
|parliament|pseudo-sld|custom|
|pars|generic|Emergency Back-End Registry Operator Program - ICANN|
|partners|generic|Binky Moon, LLC|
|parts|generic|Binky Moon, LLC|
|party|generic|Blue Sky Registry Limited|
|passagens|generic|Not assigned|
|pay|generic|Amazon Registry Services, Inc.|
|pa|country-code|Universidad Tecnologica de Panama|
|pccw|brand|PCCW Enterprises Limited|
|pccw|brand|PCCW|
|per|pseudo-sld|custom|
|pet|generic|Identity Digital Limited|
|pe|country-code|Red Cientifica Peruana|
|pfizer|brand|Pfizer Inc.|
|pfizer|brand|Pfizer|
|pf|country-code|Gouvernement de la Polynésie française|
|pg|country-code|PNG DNS Administration, Vice Chancellors Office, The Papua New Guinea University of Technology|
|pharmacy|generic|National Association of Boards of Pharmacy|
|phd|generic|Charleston Road Registry Inc.|
|philips|brand|Koninklijke Philips N.V.|
|philips|brand|Philips|
|phone|generic|Dish DBS Corporation|
|photography|generic|Binky Moon, LLC|
|photos|generic|Binky Moon, LLC|
|photo|generic|Registry Services, LLC|
|physio|generic|PhysBiz Pty Ltd|
|ph|country-code|PH Domain Foundation|
|piaget|brand|Not assigned|
|piaget|brand|Piaget|
|pics|generic|XYZ.COM LLC|
|pictet|brand|Banque Pictet & Cie SA|
|pictet|brand|Pictet|
|pictures|generic|Binky Moon, LLC|
|pid|generic|Top Level Spectrum, Inc.|
|ping|brand|Ping Registry Provider, Inc.|
|ping|brand|Ping|
|pink|generic|Identity Digital Limited|
|pin|generic|Amazon Registry Services, Inc.|
|pioneer|brand|Pioneer Corporation|
|pizza|generic|Binky Moon, LLC|
|pk|country-code|PKNIC|
|place|generic|Binky Moon, LLC|
|playstation|brand|Sony Computer Entertainment Inc.|
|playstation|brand|Sony (PlayStation)|
|play|brand|Charleston Road Registry Inc.|
|play|brand|Google (Google Play)|
|plumbing|generic|Binky Moon, LLC|
|plus|generic|Binky Moon, LLC|
|pl|country-code|Research and Academic Computer Network|
|pm|country-code|Association Française pour le Nommage Internet en Coopération (A.F.N.I.C.)|
|pnc|generic|PNC Domain Co., LLC|
|pn|country-code|Pitcairn Island Administration|
|pohl|brand|Deutsche Vermögensberatung Aktiengesellschaft DVAG|
|pohl|brand|Deutsche Vermögensberatung|
|poker|generic|Identity Digital Limited|
|police|pseudo-sld|custom|
|politie|brand|Politie Nederland|
|porn|generic|ICM Registry PN LLC|
|post|sponsored|Universal Postal Union|
|pramerica|generic|Not assigned|
|praxi|brand|Praxi S.p.A.|
|praxi|brand|Praxi|
|press|generic|Radix Technologies Inc.|
|prime|generic|Amazon Registry Services, Inc.|
|productions|generic|Binky Moon, LLC|
|prod|brand|Charleston Road Registry Inc.|
|prod|brand|Google (products)|
|prof|generic|Charleston Road Registry Inc.|
|progressive|brand|Progressive Casualty Insurance Company|
|progressive|brand|Progressive Corporation|
|promo|generic|Identity Digital Limited|
|properties|generic|Binky Moon, LLC|
|property|generic|Digital Property Infrastructure Limited|
|protection|generic|XYZ.COM LLC|
|pro|generic-restricted|Identity Digital Limited|
|prudential|brand|Prudential Financial, Inc.|
|prudential|brand|Prudential Financial|
|pru|brand|Prudential Financial, Inc.|
|pru|brand|Prudential Financial|
|pr|country-code|Gauss Research Laboratory Inc.|
|ps|country-code|Ministry of Telecommunications & Information Technology, Government Computer Center|
|pt|country-code|Associação DNS.PT|
|pub|generic|Dog Beach, LLC|
|pwc|brand|PricewaterhouseCoopers LLP|
|pwc|brand|PwC|
|pw|country-code|Micronesia Investment and Development Corporation|
|py|country-code|NIC-PY|
|qa|country-code|Communications Regulatory Authority|
|qpon|generic|DOTQPON LLC.|
|quebec|generic|PointQuébec Inc|
|quest|brand|Quest Software|
|quest|brand|XYZ.COM LLC|
|qvc|brand|Not assigned|
|qvc|brand|QVC|
|racing|generic|Premier Registry Limited|
|radio|generic|Digity, LLC|
|raid|generic|Not assigned|
|read|generic|Amazon Registry Services, Inc.|
|realestate|generic|dotRealEstate LLC|
|realtor|generic|Real Estate Domains LLC|
|realty|generic|Internet Naming Co.|
|recipes|generic|Binky Moon, LLC|
|redstone|brand|Not assigned|
|redstone|brand|Redstone Haute Couture Co|
|redumbrella|generic|Travelers TLD, LLC|
|red|generic|Identity Digital Limited|
|rehab|generic|Dog Beach, LLC|
|reisen|generic|Binky Moon, LLC|
|reise|generic|Binky Moon, LLC|
|reit|generic|National Association of Real Estate Investment Trusts, Inc.|
|reliance|brand|Reliance Industries Limited|
|reliance|brand|Reliance Industries|
|rentals|generic|Binky Moon, LLC|
|rent|generic|XYZ.COM LLC|
|ren|generic|ZDNS International Limited|
|repair|generic|Binky Moon, LLC|
|report|generic|Binky Moon, LLC|
|republican|generic|Dog Beach, LLC|
|restaurant|generic|Binky Moon, LLC|
|rest|generic|Punto 2012 Sociedad Anonima Promotora de Inversion de Capital Variable|
|res|pseudo-sld|custom|
|reviews|generic|Dog Beach, LLC|
|review|generic|dot Review Limited|
|rexroth|brand|Robert Bosch GMBH|
|rexroth|brand|Robert Bosch GmbH|
|re|country-code|Association Française pour le Nommage Internet en Coopération (A.F.N.I.C.)|
|richardli|generic|Pacific Century Asset Management (HK) Limited|
|rich|generic|iRegistry GmbH|
|ricoh|brand|Ricoh Company, Ltd.|
|ricoh|brand|Ricoh|
|rightathome|generic|Not assigned|
|ril|brand|Reliance Industries Limited|
|ril|brand|Reliance Industries|
|rio|generic|Empresa Municipal de Informática SA - IPLANRIO|
|rip|generic|Dog Beach, LLC|
|rmit|brand|Not assigned|
|rmit|brand|Royal Melbourne Institute of Technology|
|rocher|brand|Ferrero (Ferrero Rocher)|
|rocher|brand|Not assigned|
|rocks|generic|Dog Beach, LLC|
|rodeo|generic|Registry Services, LLC|
|rogers|brand|Rogers Communications Canada Inc.|
|rogers|brand|Rogers Communications|
|room|generic|Amazon Registry Services, Inc.|
|ro|country-code|National Institute for R&D in Informatics|
|rsvp|generic|Charleston Road Registry Inc.|
|rs|country-code|Serbian National Internet Domain Registry (RNIDS)|
|rugby|generic|World Rugby Strategic Developments Limited|
|ruhr|generic|dotSaarland GmbH|
|run|generic|Binky Moon, LLC|
|ru|country-code|Coordination Center for TLD RU|
|rwe|brand|RWE AG|
|rwe|brand|RWE|
|rw|country-code|Rwanda Internet Community and Technology  Alliance (RICTA) Ltd|
|ryukyu|generic|BRregistry, Inc.|
|saarland|generic|dotSaarland GmbH|
|safety|brand|Safety Registry Services, LLC.|
|safe|generic|Amazon Registry Services, Inc.|
|sakura|brand|SAKURA internet Inc.|
|sakura|brand|Sakura Internet [ja]|
|sale|generic|Dog Beach, LLC|
|salon|generic|Binky Moon, LLC|
|samsclub|generic|Wal-Mart Stores, Inc.|
|samsung|brand|SAMSUNG SDS CO., LTD|
|samsung|brand|Samsung SDS|
|sandvikcoromant|brand|Sandvik AB|
|sandvikcoromant|brand|Sandvik Coromant|
|sandvik|brand|Sandvik AB|
|sandvik|brand|Sandvik|
|sanofi|brand|Sanofi|
|sapo|generic|Not assigned|
|sap|brand|SAP AG|
|sap|brand|SAP|
|sarl|generic|Binky Moon, LLC|
|sas|generic|Research IP LLC|
|save|generic|Amazon Registry Services, Inc.|
|saxo|brand|Saxo Bank A/S|
|saxo|brand|Saxo Bank|
|sa|country-code|Communications, Space and Technology Commission|
|sbi|brand|STATE BANK OF INDIA|
|sbi|brand|State Bank of India|
|sbs|brand|Shortdot SA|
|sbs|brand|Special Broadcasting Service[11]|
|sb|country-code|Solomon Telekom Company Limited|
|sca|brand|Not assigned|
|sca|brand|Svenska Cellulosa|
|scb|brand|Siam Commercial Bank|
|scb|brand|The Siam Commercial Bank Public Company Limited ("SCB")|
|schaeffler|brand|Schaeffler Technologies AG & Co. KG|
|schaeffler|brand|Schaeffler Technologies|
|schmidt|brand|SCHMIDT GROUPE S.A.S.|
|schmidt|brand|Schmidt Groupe [fr]|
|scholarships|generic|Scholarships.com, LLC|
|school|generic|Binky Moon, LLC|
|school|pseudo-sld|custom|
|schule|generic|Binky Moon, LLC|
|schwarz|brand|Schwarz Domains und Services GmbH & Co. KG|
|schwarz|brand|Schwarz Gruppe|
|sch|pseudo-sld|custom|
|science|generic|dot Science Limited|
|scjohnson|brand|Not assigned|
|scjohnson|brand|S. C. Johnson & Son|
|scor|brand|Not assigned|
|scor|brand|SCOR|
|scot|generic|Dot Scot Registry Limited|
|sc|country-code|VCS Pty Ltd|
|sd|country-code|Sudan Internet Society|
|search|generic|Charleston Road Registry Inc.|
|seat|brand|SEAT, S.A. (Sociedad Unipersonal)|
|seat|brand|SEAT|
|secure|generic|Amazon Registry Services, Inc.|
|security|generic|XYZ.COM LLC|
|seek|brand|Seek Limited|
|seek|brand|Seek|
|select|generic|Registry Services, LLC|
|sener|brand|Sener Ingeniería y Sistemas, S.A.|
|services|generic|Binky Moon, LLC|
|ses|brand|Not assigned|
|ses|brand|SES|
|seven|brand|Seven West Media Ltd|
|seven|brand|Seven West Media|
|sew|brand|SEW Eurodrive|
|sew|brand|SEW-EURODRIVE GmbH & Co KG|
|sexy|generic|Internet Naming Co.|
|sex|generic|ICM Registry SX LLC|
|se|country-code|The Internet Infrastructure Foundation|
|sfr|brand|SFR|
|sfr|brand|Societe Francaise du Radiotelephone - SFR|
|sg|country-code|Singapore Network Information Centre (SGNIC) Pte Ltd|
|shangrila|brand|Shangri-La Hotels and Resorts|
|shangrila|brand|Shangri-La International Hotel Management Limited|
|sharp|brand|Sharp Corporation|
|shaw|brand|Not assigned|
|shaw|brand|Shaw Cablesystems G.P.|
|shell|brand|Shell Information Technology International Inc|
|shell|brand|Shell|
|shia|generic|Emergency Back-End Registry Operator Program - ICANN|
|shiksha|generic|Identity Digital Limited|
|shoes|generic|Binky Moon, LLC|
|shopping|generic|Binky Moon, LLC|
|shop|generic|GMO Registry, Inc.|
|shouji|generic|Beijing Qihu Keji Co., Ltd.|
|showtime|generic|Not assigned|
|show|generic|Binky Moon, LLC|
|shriram|brand|Not assigned|
|shriram|brand|Shriram Capital|
|sh|country-code|Government of St. Helena|
|silk|generic|Amazon Registry Services, Inc.|
|sina|brand|Sina Corporation|
|sina|brand|Sina Corp|
|singles|generic|Binky Moon, LLC|
|site|generic|Radix Technologies Inc. SEZC|
|si|country-code|Academic and Research Network of Slovenia (ARNES)|
|sj|country-code|Norid A/S|
|skin|generic|XYZ.COM LLC|
|ski|generic|Identity Digital Limited|
|skype|brand|Microsoft Corporation|
|skype|brand|Microsoft (Skype)|
|sky|brand|Sky Group|
|sky|brand|Sky UK Limited|
|sk|country-code|SK-NIC, a.s.|
|sling|generic|DISH Technologies L.L.C.|
|sl|country-code|Sierratel|
|smart|brand|Smart Communications, Inc. (SMART)|
|smart|brand|Smart Communications|
|smile|generic|Amazon Registry Services, Inc.|
|sm|country-code|Telecom Italia San Marino S.p.A.|
|sncf|brand|SNCF|
|sncf|brand|Société Nationale SNCF|
|sn|country-code|Universite Cheikh Anta Diop|
|soccer|generic|Binky Moon, LLC|
|social|generic|Dog Beach, LLC|
|softbank|brand|SoftBank Group Corp.|
|softbank|brand|SoftBank|
|software|generic|Dog Beach, LLC|
|sohu|brand|Sohu.com Limited|
|sohu|brand|Sohu|
|solar|generic|Binky Moon, LLC|
|solutions|generic|Binky Moon, LLC|
|song|generic|Amazon Registry Services, Inc.|
|sony|brand|Sony Corporation|
|sony|brand|Sony|
|soy|generic|Charleston Road Registry Inc.|
|so|country-code|Ministry of Post and Telecommunications|
|space|generic|Radix Technologies Inc.|
|spa|generic|Asia Spa and Wellness Promotion Council Limited|
|spiegel|brand|Der Spiegel|
|spiegel|brand|Not assigned|
|sport|generic|SportAccord|
|spot|generic|Amazon Registry Services, Inc.|
|spreadbetting|generic|Not assigned|
|srl|generic|InterNetX Corp.|
|srt|generic|Not assigned|
|sr|country-code|Telesur|
|ss|country-code|National Communication Authority (NCA)|
|stada|brand|STADA Arzneimittel AG|
|stada|brand|Stada Arzneimittel|
|staples|brand|Staples, Inc.|
|staples|brand|Staples|
|starhub|brand|Not assigned|
|starhub|brand|StarHub|
|star|brand|Disney Star|
|star|brand|Star India Private Limited|
|statebank|brand|STATE BANK OF INDIA|
|statebank|brand|State Bank of India|
|statefarm|brand|State Farm Mutual Automobile Insurance Company|
|statefarm|brand|State Farm|
|statoil|brand|Not assigned|
|statoil|brand|Statoil|
|stcgroup|brand|Saudi Telecom Company|
|stc|brand|Saudi Telecom Company|
|stockholm|generic|Stockholms kommun|
|storage|generic|XYZ.COM LLC|
|store|generic|Radix Technologies Inc.|
|stream|generic|dot Stream Limited|
|studio|generic|Dog Beach, LLC|
|study|generic|Registry Services, LLC|
|style|generic|Binky Moon, LLC|
|st|country-code|Tecnisys|
|sucks|generic|Vox Populi Registry Ltd.|
|supplies|generic|Binky Moon, LLC|
|supply|generic|Binky Moon, LLC|
|support|generic|Binky Moon, LLC|
|surf|generic|Registry Services, LLC|
|surgery|generic|Binky Moon, LLC|
|suzuki|brand|SUZUKI MOTOR CORPORATION|
|suzuki|brand|Suzuki|
|su|country-code|Russian Institute for Development of Public Networks (ROSNIIROS)|
|sv|country-code|SVNet|
|swatch|brand|Swatch Group|
|swatch|brand|The Swatch Group Ltd|
|swiftcover|brand|Not assigned|
|swiftcover|brand|Swiftcover|
|swiss|generic|Swiss Confederation|
|sx|country-code|SX Registry SA B.V.|
|sydney|generic|State of New South Wales, Department of Premier and Cabinet|
|symantec|brand|Gen Digital|
|symantec|brand|Not assigned|
|systems|generic|Binky Moon, LLC|
|sy|country-code|National Authority for Information Technology Services (NAITS)|
|sz|country-code|"University of Swaziland|
|tab|generic|Tabcorp Holdings Limited|
|taipei|generic|Taipei City Government|
|talk|generic|Amazon Registry Services, Inc.|
|taobao|brand|Alibaba Group Holding Limited|
|taobao|brand|Alibaba Group (Taobao)|
|target|brand|Target Domain Holdings, LLC|
|target|brand|Target|
|tatamotors|brand|Tata Motors Ltd|
|tatamotors|brand|Tata Motors|
|tatar|generic|Limited Liability Company "Coordination Center of Regional Domain of Tatarstan Republic"|
|tattoo|generic|Registry Services, LLC|
|taxi|generic|Binky Moon, LLC|
|tax|generic|Binky Moon, LLC|
|tci|generic|Emergency Back-End Registry Operator Program - ICANN|
|tc|country-code|Melrex TC|
|tdk|brand|TDK Corporation|
|tdk|brand|TDK|
|td|country-code|l'Agence de Développement des Technologies de l'Information et de la Communication (ADETIC)|
|team|generic|Binky Moon, LLC|
|technology|generic|Binky Moon, LLC|
|tech|generic|Radix Technologies Inc.|
|telecity|brand|Not assigned|
|telecity|brand|TelecityGroup|
|telefonica|brand|Not assigned|
|telefonica|brand|Telefónica|
|tel|sponsored|Telnames Ltd.|
|temasek|brand|Temasek Holdings (Private) Limited|
|temasek|brand|Temasek Holdings|
|tennis|generic|Binky Moon, LLC|
|teva|brand|Teva Pharmaceutical Industries Limited|
|teva|brand|Teva Pharmaceuticals|
|tf|country-code|Association Française pour le Nommage Internet en Coopération (A.F.N.I.C.)|
|tg|country-code|Autorité de Régulation des Communications Electroniques et des Postes (ARCEP)|
|thd|generic|Home Depot Product Authority, LLC|
|theater|generic|Binky Moon, LLC|
|theatre|generic|XYZ.COM LLC|
|th|country-code|Thai Network Information Center Foundation|
|tiaa|generic|Teachers Insurance and Annuity Association of America|
|tickets|generic|XYZ.COM LLC|
|tienda|generic|Binky Moon, LLC|
|tiffany|brand|Not assigned|
|tiffany|brand|Tiffany & Co.|
|tips|generic|Binky Moon, LLC|
|tires|generic|Binky Moon, LLC|
|tirol|generic|punkt Tirol GmbH|
|tjmaxx|generic|The TJX Companies, Inc.|
|tjx|brand|TJX Companies|
|tjx|brand|The TJX Companies, Inc.|
|tj|country-code|Information Technology Center|
|tkmaxx|generic|The TJX Companies, Inc.|
|tk|country-code|Telecommunication Tokelau Corporation (Teletok)|
|tl|country-code|Autoridade Nacional de Comunicações|
|tmall|generic|Alibaba Group Holding Limited|
|tm|country-code|TM Domain Registry Ltd|
|tm|pseudo-sld|custom|
|tn|country-code|Agence Tunisienne d'Internet|
|today|generic|Binky Moon, LLC|
|tokyo|generic|GMO Registry, Inc.|
|tools|generic|Binky Moon, LLC|
|top|generic|Hong Kong Zhongze International Limited|
|toray|brand|Toray Industries, Inc.|
|toray|brand|Toray Industries|
|toshiba|brand|TOSHIBA Corporation|
|toshiba|brand|Toshiba|
|total|brand|TotalEnergies SE|
|total|brand|Total|
|tours|generic|Binky Moon, LLC|
|town|generic|Binky Moon, LLC|
|toyota|brand|TOYOTA MOTOR CORPORATION|
|toyota|brand|Toyota|
|toys|generic|Binky Moon, LLC|
|to|country-code|Government of the Kingdom of Tonga, H.R.H. Crown Prince Tupouto'a, c/o Consulate of Tonga|
|tp|country-code|Not assigned|
|trade|generic|Elite Registry Limited|
|trading|generic|Dog Beach, LLC|
|training|generic|Binky Moon, LLC|
|travelchannel|generic|Not assigned|
|travelersinsurance|brand|Travelers TLD, LLC (The Travelers Companies)|
|travelersinsurance|brand|Travelers TLD, LLC|
|travelers|brand|Travelers TLD, LLC (The Travelers Companies)|
|travelers|brand|Travelers TLD, LLC|
|travel|sponsored|Dog Beach, LLC|
|trust|generic|Internet Naming Co.|
|trv|generic|Travelers TLD, LLC|
|tr|country-code|Bilgi Teknolojileri ve İletişim Kurumu (BTK)|
|tt|country-code|University of the West Indies, Faculty of Engineering|
|tube|generic|Latin American Telecom LLC|
|tui|brand|TUI AG|
|tui|brand|TUI|
|tunes|generic|Amazon Registry Services, Inc.|
|tushu|generic|Amazon Registry Services, Inc.|
|tvs|brand|T V SUNDRAM IYENGAR  & SONS PRIVATE LIMITED|
|tvs|brand|T V Sundram Iyengar & Sons Private Limited|
|tv|country-code|Ministry of Transport, Energy, Communications and Innovations|
|tw|country-code|Taiwan Network Information Center (TWNIC)|
|tz|country-code|Tanzania Communications Regulatory Authority|
|ua|country-code|Hostmaster Ltd.|
|ubank|generic|National Australia Bank Limited|
|ubs|brand|UBS AG|
|ubs|brand|UBS|
|uconnect|generic|Not assigned|
|ug|country-code|Uganda Online Ltd.|
|uk|country-code|Nominet UK|
|um|country-code|Not assigned|
|unicom|brand|China Unicom|
|unicom|brand|China United Network Communications Corporation Limited|
|university|generic|Binky Moon, LLC|
|uno|generic|Radix Technologies Inc.|
|uol|brand|UBN INTERNET LTDA.|
|uol|brand|Universo Online|
|ups|brand|UPS Market Driver, Inc.|
|ups|brand|United Parcel Service|
|us|country-code|Registry Services, LLC|
|uy|country-code|SeCIU - Universidad de la Republica|
|uz|country-code|Single Integrator for Creation and Support of State Information Systems UZINFOCOM|
|vacations|generic|Binky Moon, LLC|
|vana|generic|D3 Registry LLC|
|vanguard|brand|The Vanguard Group, Inc.|
|vanguard|brand|Vanguard Group|
|va|country-code|Holy See - Vatican City State|
|vc|country-code|Ministry of Telecommunications, Science, Technology and Industry|
|vegas|generic|Dot Vegas, Inc.|
|ventures|generic|Binky Moon, LLC|
|verisign|brand|VeriSign, Inc.|
|verisign|brand|VeriSign|
|vermögensberater|generic|Deutsche Vermögensberatung Aktiengesellschaft DVAG|
|vermögensberatung|generic|Deutsche Vermögensberatung Aktiengesellschaft DVAG|
|versicherung|generic|tldbox GmbH|
|vet|generic|Dog Beach, LLC|
|ve|country-code|Comisión Nacional de Telecomunicaciones (CONATEL)|
|vg|country-code|Telecommunications Regulatory Commission of the Virgin Islands|
|viajes|generic|Binky Moon, LLC|
|video|generic|Dog Beach, LLC|
|vig|brand|VIENNA INSURANCE GROUP AG Wiener Versicherung Gruppe|
|vig|brand|Vienna Insurance Group|
|viking|brand|Viking River Cruises (Bermuda) Ltd.|
|viking|brand|Viking River Cruises|
|villas|generic|Binky Moon, LLC|
|vin|generic|Binky Moon, LLC|
|vip|generic|Registry Services, LLC|
|virgin|brand|Virgin Enterprises Limited|
|virgin|brand|Virgin Group|
|visa|brand|Visa Worldwide Pte. Limited|
|visa|brand|Visa|
|vision|generic|Binky Moon, LLC|
|vistaprint|brand|Not assigned|
|vistaprint|brand|Vistaprint|
|vista|brand|Not assigned|
|vista|brand|Vistaprint|
|viva|generic|Saudi Telecom Company|
|vivo|brand|Telefonica Brasil S.A.|
|vivo|brand|Telefônica Brasil|
|vi|country-code|Virgin Islands Public Telecommunications System, Inc.|
|vlaanderen|generic|DNS.be vzw|
|vn|country-code|Viet Nam Internet Network Information Center (VNNIC)|
|vodka|generic|Registry Services, LLC|
|volkswagen|brand|Not assigned|
|volkswagen|brand|Volkswagen Group of America|
|volvo|brand|Volvo Holding Sverige Aktiebolag|
|volvo|brand|Volvo|
|vote|generic|Monolith Registry LLC|
|voting|generic|Valuetainment Corp.|
|voto|generic|Monolith Registry LLC|
|voyage|generic|Binky Moon, LLC|
|vuelos|generic|Not assigned|
|vu|country-code|Telecommunications Radiocommunications and Broadcasting Regulator (TRBR)|
|wales|generic|Nominet UK|
|walmart|brand|Wal-Mart Stores, Inc.|
|walmart|brand|Walmart|
|walter|brand|Sandvik AB|
|walter|brand|Sandvik|
|wanggou|generic|Amazon Registry Services, Inc.|
|wang|generic|Zodiac Wang Limited|
|warman|generic|Not assigned|
|watches|generic|Identity Digital Limited|
|watch|generic|Binky Moon, LLC|
|weatherchannel|brand|IBM (The Weather Company)|
|weatherchannel|brand|The Weather Company, LLC|
|weather|generic|The Weather Company, LLC|
|webcam|generic|dot Webcam Limited|
|weber|brand|Saint-Gobain Weber SA|
|weber|brand|Saint-Gobain|
|website|generic|Radix Technologies Inc.|
|wedding|generic|Registry Services, LLC|
|wed|generic|Emergency Back-End Registry Operator Program - ICANN|
|weibo|generic|Sina Corporation|
|weir|brand|Weir Group IP Limited|
|weir|brand|Weir Group|
|wf|country-code|Association Française pour le Nommage Internet en Coopération (A.F.N.I.C.)|
|whoswho|generic|Who's Who Registry|
|wien|generic|punkt.wien GmbH|
|wiki|generic|Registry Services, LLC|
|williamhill|brand|William Hill Organization Limited|
|williamhill|brand|William Hill|
|windows|brand|Microsoft Corporation|
|windows|brand|Microsoft (Windows)|
|wine|generic|Binky Moon, LLC|
|winners|generic|The TJX Companies, Inc.|
|win|generic|First Registry Limited|
|wme|brand|Endeavor|
|wme|brand|William Morris Endeavor Entertainment, LLC|
|wolterskluwer|brand|Not assigned|
|wolterskluwer|brand|Wolters Kluwer|
|woodside|brand|Woodside Energy|
|woodside|brand|Woodside Petroleum Limited|
|works|generic|Binky Moon, LLC|
|work|generic|Registry Services, LLC|
|world|generic|Binky Moon, LLC|
|wow|generic|Amazon Registry Services, Inc.|
|ws|country-code|Government of Samoa Ministry of Foreign Affairs & Trade|
|wtc|brand|World Trade Centers Association, Inc.|
|wtc|brand|World Trade Centers Association|
|wtf|generic|Binky Moon, LLC|
|xbox|brand|Microsoft Corporation|
|xbox|brand|Microsoft (Xbox)|
|xerox|brand|Fuji Xerox|
|xerox|brand|Xerox DNHC LLC|
|xfinity|brand|Comcast|
|xfinity|brand|Not assigned|
|xihuan|generic|Beijing Qihu Keji Co., Ltd.|
|xin|generic|Elegant Leader Limited|
|xn--0zwm56d|test|Not assigned|测试|
|xn--11b4c3d|generic|VeriSign Sarl|कॉम|
|xn--11b5bs3a9aj6g|test|Not assigned|परीक्षा|
|xn--1ck2e1b|generic|Amazon Registry Services, Inc.|セール|
|xn--1qqw23a|generic|Guangzhou YU Wei Information Technology Co., Ltd.|佛山|
|xn--2scrj9c|country-code|National Internet eXchange of India|ಭಾರತ|
|xn--30rr7y|generic|Excellent First Limited|慈善|
|xn--3bst00m|generic|Eagle Horizon Limited|集团|
|xn--3ds443g|generic|Beijing Tld Registry Technology Limited|在线|
|xn--3e0b707e|country-code|KISA (Korea Internet &amp; Security Agency)|한국|
|xn--3hcrj9c|country-code|National Internet eXchange of India|ଭାରତ|
|xn--3oq18vl8pn36a|brand|Not assigned|大众汽车|
|xn--3oq18vl8pn36a|brand|大众汽车|
|xn--3pxu8k|generic|VeriSign Sarl|点看|
|xn--42c2d9a|generic|VeriSign Sarl|คอม|
|xn--45br5cyl|country-code|National Internet eXchange of India|ভাৰত|
|xn--45brj9c|country-code|National Internet Exchange of India|ভারত|
|xn--45q11c|generic|Zodiac Gemini Ltd|八卦|
|xn--4dbrk0ce|country-code|The Israel Internet Association (RA)|ישראל|
|xn--4gbrim|generic|Helium TLDs Ltd|موقع|
|xn--54b7fta0cc|country-code|Posts and Telecommunications Division|বাংলা|
|xn--55qw42g|generic|China Organizational Name Administration Center|公益|
|xn--55qx5d|generic|China Internet Network Information Center (CNNIC)|公司|
|xn--5su34j936bgsg|brand|Shangri-La International Hotel Management Limited|香格里拉|
|xn--5su34j936bgsg|brand|香格里拉|
|xn--5tzm5g|generic|Global Website TLD Asia Limited|网站|
|xn--6frz82g|brand|Identity Digital Limited|移动|
|xn--6frz82g|brand|移动|
|xn--6qq986b3xl|generic|Tycoon Treasure Limited|我爱你|
|xn--80adxhks|generic|Foundation for Assistance for Internet Technologies and Infrastructure Development (FAITID)|москва|
|xn--80akhbyknj4f|test|Not assigned|испытание|
|xn--80ao21a|country-code|Association of IT Companies of Kazakhstan|қаз|
|xn--80aqecdr1a|generic|Pontificium Consilium de Comunicationibus Socialibus (PCCS) (Pontifical Council for Social Communication)|католик|
|xn--80asehdb|generic|CORE Association|онлайн|
|xn--80aswg|generic|CORE Association|сайт|
|xn--8y0a063a|brand|China United Network Communications Corporation Limited|联通|
|xn--8y0a063a|brand|联通|
|xn--90a3ac|country-code|Serbian National Internet Domain Registry (RNIDS)|срб|
|xn--90ae|country-code|Imena.BG AD|бг|
|xn--90ais|country-code|Belarusian Cloud Technologies LLC|бел|
|xn--9dbq2a|generic|VeriSign Sarl|קום|
|xn--9et52u|generic|RISE VICTORY LIMITED|时尚|
|xn--9krt00a|generic|Sina Corporation|微博|
|xn--9t4b11yi5a|test|Not assigned|테스트|
|xn--b4w605ferd|brand|Temasek Holdings (Private) Limited|淡马锡|
|xn--b4w605ferd|brand|淡马锡|
|xn--bck1b9a5dre4c|generic|Amazon Registry Services, Inc.|ファッション|
|xn--c1avg|generic|Public Interest Registry|орг|
|xn--c2br7g|generic|VeriSign Sarl|नेट|
|xn--cck2b3b|generic|Amazon Registry Services, Inc.|ストア|
|xn--cckwcxetd|brand|Amazon Registry Services, Inc.|アマゾン|
|xn--cckwcxetd|brand|アマゾン|
|xn--cg4bki|brand|SAMSUNG SDS CO., LTD|삼성|
|xn--cg4bki|brand|삼성|
|xn--clchc0ea0b2g2a9gcd|country-code|Singapore Network Information Centre (SGNIC) Pte Ltd|சிங்கப்பூர்|
|xn--czr694b|generic|Internet DotTrademark Organisation Limited|商标|
|xn--czrs0t|generic|Binky Moon, LLC|商店|
|xn--czru2d|generic|Zodiac Aquarius Limited|商城|
|xn--d1acj3b|generic|The Foundation for Network Initiatives “The Smart Internet”|дети|
|xn--d1alf|country-code|Macedonian Academic Research Network Skopje|мкд|
|xn--deba0ad|test|Not assigned|טעסט|
|xn--e1a4c|country-code|EURid vzw|ею|
|xn--eckvdtc9d|generic|Amazon Registry Services, Inc.|ポイント|
|xn--efvy88h|generic|Guangzhou YU Wei Information and Technology Co.,Ltd|新闻|
|xn--estv75g|brand|Not assigned|工行|
|xn--estv75g|brand|工行|
|xn--fct429k|generic|Amazon Registry Services, Inc.|家電|
|xn--fhbei|generic|VeriSign Sarl|كوم|
|xn--fiq228c5hs|generic|TLD REGISTRY LIMITED|中文网|
|xn--fiq64b|brand|CITIC Group Corporation|中信|
|xn--fiq64b|brand|中信|
|xn--fiqs8s|country-code|China Internet Network Information Center (CNNIC)|中国|
|xn--fiqz9s|country-code|China Internet Network Information Center (CNNIC)|中國|
|xn--fjq720a|generic|Binky Moon, LLC|娱乐|
|xn--flw351e|brand|Charleston Road Registry Inc.|谷歌|
|xn--flw351e|brand|谷歌|
|xn--fpcrj9c3d|country-code|National Internet Exchange of India|భారత్|
|xn--fzc2c9e2c|country-code|LK Domain Registry|ලංකා|
|xn--fzys8d69uvgm|brand|PCCW Enterprises Limited|電訊盈科|
|xn--fzys8d69uvgm|brand|電訊盈科|
|xn--g2xx48c|generic|Nawang Heli(Xiamen) Network Service Co., LTD.|购物|
|xn--g6w251d|test|Not assigned|測試|
|xn--gckr3f0f|generic|Amazon Registry Services, Inc.|クラウド|
|xn--gecrj9c|country-code|National Internet Exchange of India|ભારત|
|xn--gk3at1e|generic|Amazon Registry Services, Inc.|通販|
|xn--h2breg3eve|country-code|National Internet eXchange of India|भारतम्|
|xn--h2brj9c8c|country-code|National Internet eXchange of India|भारोत|
|xn--h2brj9c|country-code|National Internet Exchange of India|भारत|
|xn--hgbk6aj7f53bba|test|Not assigned|آزمایشی|
|xn--hlcj6aya9esc7a|test|Not assigned|பரிட்சை|
|xn--hxt814e|generic|Zodiac Taurus Ltd.|网店|
|xn--i1b6b1a6a2e|generic|Public Interest Registry|संगठन|
|xn--imr513n|generic|Internet DotTrademark Organisation Limited|餐厅|
|xn--io0a7i|generic|China Internet Network Information Center (CNNIC)|网络|
|xn--j1aef|generic|VeriSign Sarl|ком|
|xn--j1amh|country-code|Ukrainian Network Information Centre (UANIC), Inc.|укр|
|xn--j6w193g|country-code|Hong Kong Internet Registration Corporation Ltd.|香港|
|xn--jlq480n2rg|brand|Amazon Registry Services, Inc.|亚马逊|
|xn--jlq480n2rg|brand|亚马逊|
|xn--jlq61u9w7b|brand|Not assigned|诺基亚|
|xn--jlq61u9w7b|brand|诺基亚|
|xn--jvr189m|generic|Amazon Registry Services, Inc.|食品|
|xn--jxalpdlp|test|Not assigned|δοκιμή|
|xn--kcrx77d1x4a|brand|Koninklijke Philips N.V.|飞利浦|
|xn--kcrx77d1x4a|brand|飞利浦|
|xn--kgbechtv|test|Not assigned|إختبار|
|xn--kprw13d|country-code|Taiwan Network Information Center (TWNIC)|台湾|
|xn--kpry57d|country-code|Taiwan Network Information Center (TWNIC)|台灣|
|xn--kpu716f|generic|Not assigned|手表|
|xn--kput3i|generic|Beijing RITT-Net Technology Development Co., Ltd|手机|
|xn--l1acc|country-code|Datacom Co.,Ltd|мон|
|xn--lgbbat1ad8j|country-code|CERIST|الجزائر|
|xn--mgb9awbf|country-code|Telecommunications Regulatory Authority (TRA)|عمان|
|xn--mgba3a3ejt|brand|Aramco Services Company|ارامكو|
|xn--mgba3a3ejt|brand|ارامكو|
|xn--mgba3a4f16a|country-code|Institute for Research in Fundamental Sciences (IPM)|ایران|
|xn--mgba7c0bbn0a|generic|Competrol (Luxembourg) Sarl|العليان|
|xn--mgbaakc7dvf|brand|Not assigned|اتصالات|
|xn--mgbaakc7dvf|brand|اتصالات|
|xn--mgbaam7a8h|country-code|Telecommunications and Digital Government Regulatory Authority (TDRA)|امارات|
|xn--mgbab2bd|generic|CORE Association|بازار|
|xn--mgbah1a3hjkrd|country-code|Université de Nouakchott Al Aasriya|موريتانيا|
|xn--mgbai9azgqp6j|country-code|National Telecommunication Corporation|پاکستان|
|xn--mgbayh7gpa|country-code|Ministry of Digital Economy and Entrepreneurship (MoDEE)|الاردن|
|xn--mgbb9fbpob|generic|Not assigned|موبايلي|
|xn--mgbbh1a71e|country-code|National Internet Exchange of India|بھارت|
|xn--mgbbh1a|country-code|National Internet eXchange of India|بارت|
|xn--mgbc0a9azcg|country-code|Agence Nationale de Réglementation des Télécommunications (ANRT)|المغرب|
|xn--mgbca7dzdo|generic|Abu Dhabi Systems and Information Centre|ابوظبي|
|xn--mgbcpq6gpa1a|country-code|Telecommunications Regulatory Authority (TRA)|البحرين|
|xn--mgberp4a5d4ar|country-code|Communications, Space and Technology Commission|السعودية|
|xn--mgbgu82a|country-code|National Internet eXchange of India|ڀارت|
|xn--mgbi4ecexp|generic|Pontificium Consilium de Comunicationibus Socialibus (PCCS) (Pontifical Council for Social Communication)|كاثوليك|
|xn--mgbpl2fh|country-code|Sudan Internet Society|سودان|
|xn--mgbt3dhd|generic|Emergency Back-End Registry Operator Program - ICANN|همراه|
|xn--mgbtx2b|country-code|Communications and Media Commission (CMC)|عراق|
|xn--mgbx4cd0ab|country-code|MYNIC Berhad|مليسيا|
|xn--mix891f|country-code|Macao Post and Telecommunications Bureau (CTT)|澳門|
|xn--mk1bu44c|generic|VeriSign Sarl|닷컴|
|xn--mxtq1m|generic|Net-Chinese Co., Ltd.|政府|
|xn--ngbc5azd|generic|International Domain Registry Pty. Ltd.|شبكة|
|xn--ngbe9e0a|generic|Kuwait Finance House|بيتك|
|xn--ngbrx|generic|League of Arab States|عرب|
|xn--node|country-code|Information Technologies Development Center (ITDC)|გე|
|xn--nqv7fs00ema|generic|Public Interest Registry|组织机构|
|xn--nqv7f|generic|Public Interest Registry|机构|
|xn--nyqy26a|generic|Stable Tone Limited|健康|
|xn--o3cw4h|country-code|Thai Network Information Center Foundation|ไทย|
|xn--ogbpf8fl|country-code|National Agency for Network Services (NANS)|سورية|
|xn--otu796d|generic|Jiang Yu Liang Cai Technology Company Limited|招聘|
|xn--p1acf|generic|Rusnames Limited|рус|
|xn--p1ai|country-code|Coordination Center for TLD RU|рф|
|xn--pbt977c|generic|Not assigned|珠宝|
|xn--pgbs0dh|country-code|Agence Tunisienne d&#x27;Internet|تونس|
|xn--pssy2u|generic|VeriSign Sarl|大拿|
|xn--q7ce6a|country-code|Lao National Internet Center (LANIC), Ministry of Technology and Communications|ລາວ|
|xn--q9jyb4c|generic|Charleston Road Registry Inc.|みんな|
|xn--qcka1pmc|brand|Charleston Road Registry Inc.|グーグル|
|xn--qcka1pmc|brand|グーグル|
|xn--qxa6a|country-code|EURid vzw|ευ|
|xn--qxam|country-code|ICS-FORTH GR|ελ|
|xn--rhqv96g|generic|Stable Tone Limited|世界|
|xn--rovu88b|generic|Amazon Registry Services, Inc.|書籍|
|xn--rvc1e0am3e|country-code|National Internet eXchange of India|ഭാരതം|
|xn--s9brj9c|country-code|National Internet Exchange of India|ਭਾਰਤ|
|xn--ses554g|generic|KNET Co., Ltd|网址|
|xn--t60b56a|generic|VeriSign Sarl|닷넷|
|xn--tckwe|generic|VeriSign Sarl|コム|
|xn--tiq49xqyj|generic|Pontificium Consilium de Comunicationibus Socialibus (PCCS) (Pontifical Council for Social Communication)|天主教|
|xn--unup4y|generic|Binky Moon, LLC|游戏|
|xn--vermgensberater-ctb|brand|Deutsche Vermögensberatung Aktiengesellschaft DVAG|vermögensberater|
|xn--vermgensberater-ctb|brand|vermögensberater|
|xn--vermgensberatung-pwb|brand|Deutsche Vermögensberatung Aktiengesellschaft DVAG|vermögensberatung|
|xn--vermgensberatung-pwb|brand|vermögensberatung|
|xn--vhquv|generic|Binky Moon, LLC|企业|
|xn--vuq861b|generic|Beijing Tele-info Technology Co., Ltd.|信息|
|xn--w4r85el8fhu5dnra|brand|Kerry Trading Co. Limited|嘉里大酒店|
|xn--w4r85el8fhu5dnra|brand|嘉里大酒店|
|xn--w4rs40l|brand|Kerry Trading Co. Limited|嘉里|
|xn--w4rs40l|brand|嘉里|
|xn--wgbh1c|country-code|National Telecommunication Regulatory Authority - NTRA|مصر|
|xn--wgbl6a|country-code|Communications Regulatory Authority|قطر|
|xn--xhq521b|generic|Guangzhou YU Wei Information Technology Co., Ltd.|广东|
|xn--xkc2al3hye2a|country-code|LK Domain Registry|இலங்கை|
|xn--xkc2dl3a5ee0h|country-code|National Internet Exchange of India|இந்தியா|
|xn--y9a3aq|country-code|&quot;Internet Society&quot; Non-governmental Organization|հայ|
|xn--yfro4i67o|country-code|Singapore Network Information Centre (SGNIC) Pte Ltd|新加坡|
|xn--ygbi2ammx|country-code|Ministry of Telecom &amp; Information Technology (MTIT)|فلسطين|
|xn--zckzah|test|Not assigned|テスト|
|xn--zfr164b|generic|China Organizational Name Administration Center|政务|
|xperia|generic|Not assigned|
|xxx|sponsored|ICM Registry LLC|
|xyz|generic|XYZ.COM LLC|
|yachts|generic|XYZ.COM LLC|
|yahoo|brand|Yahoo Inc.|
|yahoo|brand|Yahoo!|
|yamaxun|brand|Amazon Registry Services, Inc.|
|yamaxun|brand|Amazon (Amazon China)|
|yandex|brand|YANDEX LLC|
|yandex|brand|Yandex|
|ye|country-code|TeleYemen|
|yodobashi|brand|YODOBASHI CAMERA CO.,LTD.|
|yodobashi|brand|Yodobashi Camera|
|yoga|generic|Registry Services, LLC|
|yokohama|generic|GMO Registry, Inc.|
|youtube|brand|Charleston Road Registry Inc.|
|youtube|brand|Google (YouTube)|
|you|generic|Amazon Registry Services, Inc.|
|yt|country-code|Association Française pour le Nommage Internet en Coopération (A.F.N.I.C.)|
|yun|generic|Beijing Qihu Keji Co., Ltd.|
|zappos|brand|Amazon Registry Services, Inc.|
|zappos|brand|Amazon (Zappos)|
|zara|brand|Inditex (Zara)|
|zara|brand|Industria de Diseño Textil, S.A. (INDITEX, S.A.)|
|za|country-code|ZA Domain Name Authority|
|zero|generic|Amazon Registry Services, Inc.|
|zippo|brand|Not assigned|
|zippo|brand|Zippo|
|zip|generic|Charleston Road Registry Inc.|
|zm|country-code|Zambia Information and Communications Technology Authority (ZICTA)|
|zone|generic|Binky Moon, LLC|
|zuerich|generic|Kanton Zürich (Canton of Zurich)|
|zw|country-code|Postal and Telecommunications Regulatory Authority of Zimbabwe (POTRAZ)|
|coop|pseudo-sld:cn|custom|
|ah|pseudo-sld:cn|MIIT(https://domain.miit.gov.cn/)|
|bj|pseudo-sld:cn|MIIT(https://domain.miit.gov.cn/)|
|cq|pseudo-sld:cn|MIIT(https://domain.miit.gov.cn/)|
|fj|pseudo-sld:cn|MIIT(https://domain.miit.gov.cn/)|
|gd|pseudo-sld:cn|MIIT(https://domain.miit.gov.cn/)|
|gs|pseudo-sld:cn|MIIT(https://domain.miit.gov.cn/)|
|gx|pseudo-sld:cn|MIIT(https://domain.miit.gov.cn/)|
|gz|pseudo-sld:cn|MIIT(https://domain.miit.gov.cn/)|
|ha|pseudo-sld:cn|MIIT(https://domain.miit.gov.cn/)|
|hb|pseudo-sld:cn|MIIT(https://domain.miit.gov.cn/)|
|he|pseudo-sld:cn|MIIT(https://domain.miit.gov.cn/)|
|hi|pseudo-sld:cn|MIIT(https://domain.miit.gov.cn/)|
|hk|pseudo-sld:cn|MIIT(https://domain.miit.gov.cn/)|
|hl|pseudo-sld:cn|MIIT(https://domain.miit.gov.cn/)|
|hn|pseudo-sld:cn|MIIT(https://domain.miit.gov.cn/)|
|jl|pseudo-sld:cn|MIIT(https://domain.miit.gov.cn/)|
|js|pseudo-sld:cn|MIIT(https://domain.miit.gov.cn/)|
|jx|pseudo-sld:cn|MIIT(https://domain.miit.gov.cn/)|
|ln|pseudo-sld:cn|MIIT(https://domain.miit.gov.cn/)|
|mo|pseudo-sld:cn|MIIT(https://domain.miit.gov.cn/)|
|nm|pseudo-sld:cn|MIIT(https://domain.miit.gov.cn/)|
|nx|pseudo-sld:cn|MIIT(https://domain.miit.gov.cn/)|
|qh|pseudo-sld:cn|MIIT(https://domain.miit.gov.cn/)|
|sc|pseudo-sld:cn|MIIT(https://domain.miit.gov.cn/)|
|sd|pseudo-sld:cn|MIIT(https://domain.miit.gov.cn/)|
|sh|pseudo-sld:cn|MIIT(https://domain.miit.gov.cn/)|
|sn|pseudo-sld:cn|MIIT(https://domain.miit.gov.cn/)|
|sx|pseudo-sld:cn|MIIT(https://domain.miit.gov.cn/)|
|tj|pseudo-sld:cn|MIIT(https://domain.miit.gov.cn/)|
|tw|pseudo-sld:cn|MIIT(https://domain.miit.gov.cn/)|
|xj|pseudo-sld:cn|MIIT(https://domain.miit.gov.cn/)|
|xz|pseudo-sld:cn|MIIT(https://domain.miit.gov.cn/)|
|yn|pseudo-sld:cn|MIIT(https://domain.miit.gov.cn/)|
|zj|pseudo-sld:cn|MIIT(https://domain.miit.gov.cn/)|
